Track,Model,TPS_Type,AP_mean,AP_sem
A,Blastp,sesq,0.9711739881653934,0.006725447885059692
A,Blastp,mono,0.7954527711475506,0.0844173141583168
A,Blastp,di-int,0.8825757575757576,0.0492424242424242
A,Blastp,sester,0.7422578046641015,0.07731318241442578
A,Blastp,di,0.7987383788601269,0.07523364019815963
A,Blastp,tri,0.5718672949078314,0.14907542626889791
A,Blastp,macro_avg,0.7936776658867936,0.055160499074621325
A,CLEAN,sesq,0.8554896388319306,0.029042769953197864
A,CLEAN,mono,0.6984845788801954,0.07304695673745507
A,CLEAN,di-int,0.5917258331010682,0.1822020235772586
A,CLEAN,sester,0.40334127875097775,0.05244853705210714
A,CLEAN,di,0.6526832662209566,0.08409433749161936
A,CLEAN,tri,0.5610544370924332,0.10923875422219116
A,CLEAN,macro_avg,0.6271298388129269,0.06153410891385223
A,CLEANEc,sesq,0.8434045595428449,0.032692106573581466
A,CLEANEc,mono,0.6792575516624334,0.07759648425074597
A,CLEANEc,di-int,0.5925474968539035,0.18302368733009403
A,CLEANEc,sester,0.09056946625884946,0.031961510739114574
A,CLEANEc,di,0.6221433022133843,0.09622089354599776
A,CLEANEc,tri,0.5942720310849298,0.1121167236360633
A,CLEANEc,macro_avg,0.5703657346027243,0.1033370770762192
A,CLEANProp,sesq,0.770437844243549,0.04853579375868766
A,CLEANProp,mono,0.557166780583553,0.093888207721508
A,CLEANProp,di-int,0.43221941992433793,0.23991172761664561
A,CLEANProp,sester,0.23810449957947855,0.04627751139177942
A,CLEANProp,di,0.4513768793426987,0.09662017195273426
A,CLEANProp,tri,0.3451585186682552,0.15446025779844405
A,CLEANProp,macro_avg,0.46574399039031206,0.07503052170383377
A,Foldseek,sesq,0.9528222579073761,0.012254430119513156
A,Foldseek,mono,0.8756116849736835,0.015429749204218354
A,Foldseek,di-int,0.8825757575757576,0.0492424242424242
A,Foldseek,sester,0.7356039907269415,0.09752213942506258
A,Foldseek,di,0.8084085796661766,0.05132387428355502
A,Foldseek,tri,0.5090945530351418,0.12533043347381223
A,Foldseek,macro_avg,0.7940194706475129,0.06442552653097085
A,HMM,sesq,0.9768217466472185,0.009322080860907269
A,HMM,mono,0.927993461242673,0.03654859596297076
A,HMM,di-int,0.47740608724015926,0.4748973065075952
A,HMM,sester,0.7523569023569023,0.12090701171272118
A,HMM,di,0.7921987704984053,0.09527476381578925
A,HMM,tri,0.5860802217508185,0.16273853657472442
A,HMM,macro_avg,0.7521428649560296,0.07875397386189492
A,PlmRF,sesq,0.9855045714837116,0.006870784138824955
A,PlmRF,mono,0.9657771438109201,0.016053814377166648
A,PlmRF,di-int,0.782873350167329,0.07287335016732897
A,PlmRF,sester,0.8089265672599006,0.07980225132736271
A,PlmRF,di,0.8702727379908062,0.06598031495775612
A,PlmRF,tri,0.7850040669251637,0.1290180382532898
A,PlmRF,macro_avg,0.8663930729396386,0.03696029766127383
C,Blastp,sesq,0.9870899276745092,0.006109860623315784
C,Blastp,di,0.9367998725208142,0.023959463285986193
C,Blastp,mono,0.9233482316175602,0.04471431383757745
C,Blastp,di-int,0.8694444444444445,0.06205085528802409
C,Blastp,tri,0.8674961406904442,0.0626912361360466
C,Blastp,sester,0.8506296659520443,0.07141394521987361
C,Blastp,macro_avg,0.9058013804833028,0.02137729533549178
C,CLEAN,sesq,0.8593863032412294,0.028944008034579607
C,CLEAN,di,0.6770533807973662,0.08539823611164013
C,CLEAN,mono,0.7625327910704627,0.05377748015247939
C,CLEAN,di-int,0.6526119749293524,0.05450849448011707
C,CLEAN,tri,0.5708486135249312,0.1180179375283562
C,CLEAN,sester,0.4817317838068826,0.0930417566877801
C,CLEAN,macro_avg,0.6673608078950374,0.05477703580086105
C,CLEANEc,sesq,0.8480373818848935,0.036842930283784596
C,CLEANEc,di,0.6674309884771686,0.06595249560352918
C,CLEANEc,mono,0.7513655929277584,0.054125223517616096
C,CLEANEc,di-int,0.6568117731378662,0.05531158717981999
C,CLEANEc,tri,0.596652545547327,0.12940013356794905
C,CLEANEc,sester,0.07565744410839594,0.0434841071476935
C,CLEANEc,macro_avg,0.5993259543472349,0.11062733186299568
C,CLEANProp,sesq,0.7717655534199979,0.03808189445049206
C,CLEANProp,di,0.49151075839684866,0.06469307656548741
C,CLEANProp,mono,0.6042814221389572,0.06325503305504995
C,CLEANProp,di-int,0.3212108013937282,0.0756247534795124
C,CLEANProp,tri,0.3737117088887674,0.12026982694116654
C,CLEANProp,sester,0.24727564102564104,0.0460159197111598
C,CLEANProp,macro_avg,0.4682926475439901,0.0796983840661045
C,Foldseek,sesq,0.9669652350108475,0.014931879936195895
C,Foldseek,di,0.8980192079194692,0.022820133125255656
C,Foldseek,mono,0.885846491840082,0.04983077756871179
C,Foldseek,di-int,0.8478535353535354,0.05618686868686868
C,Foldseek,tri,0.8000872559202044,0.04001520136460331
C,Foldseek,sester,0.8379548407772192,0.06174724013617774
C,Foldseek,macro_avg,0.8727877611368929,0.02366218104526038
C,HMM,sesq,0.9852761183385862,0.005823345474061804
C,HMM,di,0.9606928430515538,0.016073568490888843
C,HMM,mono,0.9732664088121801,0.013353968269677835
C,HMM,di-int,0.8087535916478781,0.0970470377417268
C,HMM,tri,0.886212193330095,0.08607652434061736
C,HMM,sester,0.910533090646727,0.05166716444224723
C,HMM,macro_avg,0.92078904097117,0.0272992402325936
C,PlmRF,sesq,0.9957056310359494,0.002162121546982233
C,PlmRF,di,0.9959904103851549,0.0028426065252948824
C,PlmRF,mono,0.994253779498182,0.0030950445232222506
C,PlmRF,di-int,0.944954648526077,0.03360540201233291
C,PlmRF,tri,0.8832142857142857,0.09114941157537253
C,PlmRF,sester,1.0,0.0
C,PlmRF,macro_avg,0.9690197925266082,0.019129202556371048
C,PlmDomainsRF,sesq,0.998134272720495,0.0018657272795049584
C,PlmDomainsRF,di,0.9997446808510638,0.0002553191489361728
C,PlmDomainsRF,mono,1.0,0.0
C,PlmDomainsRF,di-int,0.9955357142857143,0.004464285714285698
C,PlmDomainsRF,tri,1.0,0.0
C,PlmDomainsRF,sester,1.0,0.0
C,PlmDomainsRF,macro_avg,0.9989024446428788,0.000735939456667598
B,Blastp,mono,0.21586901701260217,0.06570961422271664
B,Blastp,sesq,0.33382055923638676,0.04831128435900639
B,Blastp,di,0.2023748183900053,0.045117146616519534
B,Blastp,tri,0.10468943887789024,0.046980306864250636
B,Blastp,sester,0.01840883777503496,0.006717820384282984
B,Blastp,macro_avg,0.1750325342583839,0.053435937845939495
B,CLEAN,mono,0.3591041120425623,0.13975662348946755
B,CLEAN,sesq,0.45168972784596717,0.11513249847340418
B,CLEAN,di,0.33955040765903766,0.11044294074366365
B,CLEAN,tri,0.3491157588154943,0.13929498865649392
B,CLEAN,sester,0.02569009483403643,0.0078169297927845
B,CLEAN,macro_avg,0.30503002023941955,0.07266329219711155
B,CLEANEc,mono,0.3552044183874588,0.14046407973724143
B,CLEANEc,sesq,0.45278140532658695,0.11389073434047244
B,CLEANEc,di,0.33808102013571684,0.10996863146113642
B,CLEANEc,tri,0.365790135770707,0.14543017120563423
B,CLEANEc,sester,0.013019904803559199,0.0030087755551858626
B,CLEANEc,macro_avg,0.3049753768848058,0.07563134100543184
B,CLEANProp,mono,0.2213196563939123,0.06436325095916223
B,CLEANProp,sesq,0.33809033098648944,0.054650046828270196
B,CLEANProp,di,0.2163146562231701,0.043965838739143843
B,CLEANProp,tri,0.08971693678802643,0.04622826259753237
B,CLEANProp,sester,0.021882143925663317,0.005961260376952031
B,CLEANProp,macro_avg,0.17746474486345232,0.055289588229602823
B,Foldseek,mono,0.2064894697146328,0.05609936367975382
B,Foldseek,sesq,0.3178699354965705,0.04881343000148418
B,Foldseek,di,0.20563553824554903,0.0427216687035945
B,Foldseek,tri,0.08351960880815461,0.04767464402933006
B,Foldseek,sester,0.018323400176587807,0.006720146413104326
B,Foldseek,macro_avg,0.16636759048829894,0.052385860597229696
B,HMM,mono,0.32098320699711513,0.09004332325773447
B,HMM,sesq,0.39540002506223454,0.08656512457857823
B,HMM,di,0.2609682712791305,0.071180313159866
B,HMM,tri,0.06626692528996155,0.04715985177109104
B,HMM,sester,0.021358754557362594,0.004131570686841409
B,HMM,macro_avg,0.21299543663716086,0.07262508493975735
B,PlmRF,mono,0.5736564289994492,0.06910213516047486
B,PlmRF,sesq,0.7644827556532231,0.06324894219979338
B,PlmRF,di,0.3885797406801288,0.06654375892541302
B,PlmRF,tri,0.15891233477414107,0.09145710434724401
B,PlmRF,sester,0.09180411542676749,0.018159759318498444
B,PlmRF,macro_avg,0.3954870751067419,0.1257260494012305
B,PlmDomainsRF,mono,0.5932161557038663,0.07455186352034938
B,PlmDomainsRF,sesq,0.7859464860028483,0.057125717714915286
B,PlmDomainsRF,di,0.577294915963052,0.08590253474138666
B,PlmDomainsRF,tri,0.1674884689554876,0.10821152845482761
B,PlmDomainsRF,sester,0.19773130579654355,0.09253198940567631
B,PlmDomainsRF,macro_avg,0.4643354664843596,0.1208303843397651
D,Blastp,mono,0.9162944637240086,0.030671262532133845
D,Blastp,sesq,0.9442653502150614,0.015151521735031752
D,Blastp,di,0.8691291620209665,0.02937752875404943
D,Blastp,tri,0.7176706841498358,0.15655449264504623
D,Blastp,sester,0.5721955665617637,0.10777159876932957
D,Blastp,macro_avg,0.8039110453343273,0.06989714921643307
D,CLEAN,mono,0.3591041120425623,0.13975662348946755
D,CLEAN,sesq,0.44880950005044873,0.1133454299106957
D,CLEAN,di,0.3346876896616982,0.10948871407632252
D,CLEAN,tri,0.3491157588154943,0.13929498865649392
D,CLEAN,sester,0.02569009483403643,0.007816929792784503
D,CLEAN,macro_avg,0.30348143108084796,0.07226288092928443
D,CLEANEc,mono,0.3552044183874588,0.14046407973724143
D,CLEANEc,sesq,0.45278140532658695,0.11389073434047244
D,CLEANEc,di,0.33808102013571684,0.10996863146113642
D,CLEANEc,tri,0.365790135770707,0.14543017120563423
D,CLEANEc,sester,0.013019904803559199,0.0030087755551858626
D,CLEANEc,macro_avg,0.3049753768848058,0.07563134100543184
D,CLEANProp,mono,0.2213196563939123,0.06436325095916223
D,CLEANProp,sesq,0.33809033098648944,0.054650046828270196
D,CLEANProp,di,0.2163146562231701,0.043965838739143843
D,CLEANProp,tri,0.08971693678802643,0.04622826259753237
D,CLEANProp,sester,0.021882143925663317,0.005961260376952031
D,CLEANProp,macro_avg,0.17746474486345232,0.055289588229602823
D,Foldseek,mono,0.9497464026679436,0.01402187100389626
D,Foldseek,sesq,0.9716704332916581,0.014059579727943137
D,Foldseek,di,0.9384026060116785,0.012002383241016677
D,Foldseek,tri,0.8896132389418675,0.05322408906588824
D,Foldseek,sester,0.8714285714285714,0.08370664681546164
D,Foldseek,macro_avg,0.9241722504683437,0.018826628226361525
D,HMM,mono,0.9991669636918783,0.0005989402289519694
D,HMM,sesq,0.9954882770042639,0.0026305007469428444
D,HMM,di,0.9351579217675752,0.011138705263356388
D,HMM,tri,0.6540917715266521,0.16884768359106658
D,HMM,sester,0.9722222222222222,0.02777777777777783
D,HMM,macro_avg,0.9112254312425183,0.06528592186560517
D,PlmRF,mono,0.9997338065661048,0.0002661934338953009
D,PlmRF,sesq,0.9976498103592512,0.0020121545899573954
D,PlmRF,di,0.9786834330644245,0.009391089278496622
D,PlmRF,tri,0.9899999999999999,0.010000000000000002
D,PlmRF,sester,1.0,9.06493303673679e-17
D,PlmRF,macro_avg,0.993213409997956,0.004060180149521638
D,PlmDomainsRF,mono,0.9996513764648777,0.0002137618168316975
D,PlmDomainsRF,sesq,0.9982010481969544,0.0017125809442636324
D,PlmDomainsRF,di,0.9984869606122965,0.001037462280872513
D,PlmDomainsRF,tri,1.0,0.0
D,PlmDomainsRF,sester,1.0,0.0
D,PlmDomainsRF,macro_avg,0.9992678770548256,0.00038516451766816567
E,Blastp,mono,0.8853519684236734,0.02587146711288058
E,Blastp,sesq,0.9447686425793298,0.013074487943954253
E,Blastp,di,0.8945743779109513,0.026861635143607288
E,Blastp,tri,0.6417750926431895,0.15784743092754605
E,Blastp,sester,0.5721955665617637,0.10777159876932957
E,Blastp,macro_avg,0.7877331296237816,0.07528772542830378
E,CLEAN,mono,0.3591041120425623,0.13975662348946755
E,CLEAN,sesq,0.45168972784596717,0.11513249847340418
E,CLEAN,di,0.33955040765903766,0.11044294074366365
E,CLEAN,tri,0.3491157588154943,0.13929498865649392
E,CLEAN,sester,0.02569009483403643,0.0078169297927845
E,CLEAN,macro_avg,0.30503002023941955,0.07266329219711155
E,CLEANEc,mono,0.3552044183874588,0.14046407973724143
E,CLEANEc,sesq,0.45278140532658695,0.11389073434047244
E,CLEANEc,di,0.33808102013571684,0.10996863146113642
E,CLEANEc,tri,0.365790135770707,0.14543017120563423
E,CLEANEc,sester,0.013019904803559199,0.0030087755551858626
E,CLEANEc,macro_avg,0.3049753768848058,0.07563134100543184
E,CLEANProp,mono,0.2213196563939123,0.06436325095916223
E,CLEANProp,sesq,0.33809033098648944,0.054650046828270196
E,CLEANProp,di,0.2163146562231701,0.043965838739143843
E,CLEANProp,tri,0.08971693678802643,0.04622826259753237
E,CLEANProp,sester,0.021882143925663317,0.005961260376952031
E,CLEANProp,macro_avg,0.17746474486345232,0.055289588229602823
E,Foldseek,mono,0.9522702441026052,0.015907783974704194
E,Foldseek,sesq,0.9686560651965959,0.012886273855521825
E,Foldseek,di,0.9524756973775821,0.016457493166767156
E,Foldseek,tri,0.8241905932156437,0.07524797083874289
E,Foldseek,sester,0.6807120500782472,0.03671729289413309
E,Foldseek,macro_avg,0.8756609299941347,0.05525932139296404
E,HMM,mono,0.9999608763693271,3.9123630672932557e-05
E,HMM,sesq,0.9828207324996452,0.009773100432167076
E,HMM,di,0.9236608440831358,0.01845007509630453
E,HMM,tri,0.5875689953258806,0.15928458188470979
E,HMM,sester,1.0,0.0
E,HMM,macro_avg,0.8988022896555977,0.07906239504668522
E,PlmRF,mono,1.0,4.965068306494546e-17
E,PlmRF,sesq,0.9969609008811144,0.002553859822955658
E,PlmRF,di,0.9989928146482645,0.0005585149303299971
E,PlmRF,tri,1.0,3.510833468576701e-17
E,PlmRF,sester,1.0,0.0
E,PlmRF,macro_avg,0.9991907431058757,0.0005905955546617206
E,PlmDomainsRF,mono,0.9960444424632067,0.0025188885832922634
E,PlmDomainsRF,sesq,0.991593669714744,0.004130740879383236
E,PlmDomainsRF,di,0.9944764223943758,0.005263087108799119
E,PlmDomainsRF,tri,0.824812756401356,0.09557482482346988
E,PlmDomainsRF,sester,1.0,0.0
E,PlmDomainsRF,macro_avg,0.9613854581947365,0.034170146955636194
