track,model,tps_type,ap_mean,ap_std,n_folds,mean_n_pos,ap_sem
A,Blastp,di,0.8642736578824683,0.1059398726166288,5,27.2,0.0473777513396901
A,Blastp,di-int,0.9880952380952381,0.016835875742536824,2,23.0,0.011904761904761888
A,Blastp,fpps,0.27672927372777295,,1,11.0,
A,Blastp,gfpps,0.16766417290108063,,1,3.0,
A,Blastp,ggpps,0.20090936958381908,0.08914291525947621,4,14.5,0.044571457629738104
A,Blastp,gpps,0.6453546453546454,,1,14.0,
A,Blastp,mono,0.8321733656854929,0.205755971175843,5,45.8,0.09201686766513445
A,Blastp,negative,0.6,,1,3.0,
A,Blastp,sesq,0.9820328347675297,0.014905637561420729,5,97.0,0.006666003767062189
A,Blastp,sester,0.8933941683004651,0.10469210646700641,4,7.75,0.052346053233503206
A,Blastp,tetra,0.75,,1,3.0,
A,Blastp,tri,0.6569552132817981,0.3429487607762995,4,32.5,0.17147438038814974
A,CLEAN,di,0.6889678634116225,0.17536682576532692,5,27.2,0.07842642868192651
A,CLEAN,di-int,0.6880943546022276,0.19578938943219357,2,23.0,0.13844400495187784
A,CLEAN,fpps,0.5343706353064641,,1,11.0,
A,CLEAN,gfpps,0.2685185185185185,,1,3.0,
A,CLEAN,ggpps,0.6863810188582181,0.12205711561109348,4,14.5,0.06102855780554674
A,CLEAN,gpps,0.6290335190020064,,1,14.0,
A,CLEAN,mono,0.731702664918074,0.14373565121550852,5,45.8,0.06428053738161546
A,CLEAN,negative,0.4888888888888888,,1,3.0,
A,CLEAN,sesq,0.8696346913615953,0.07568282941638728,5,97.0,0.03384639026091254
A,CLEAN,sester,0.4641200061963719,0.07225864626981976,4,7.75,0.03612932313490988
A,CLEAN,tetra,0.19266381766381768,,1,3.0,
A,CLEAN,tri,0.6182015188535959,0.21725595600567987,4,32.5,0.10862797800283994
A,CLEANEc,di,0.6643375842353418,0.2071361490656868,5,27.2,0.09263410198168105
A,CLEANEc,di-int,0.6889498254382376,0.1969992078906935,2,23.0,0.1392994757878878
A,CLEANEc,fpps,0.011496007744131806,,1,11.0,
A,CLEANEc,gfpps,0.0014962593516209476,,1,3.0,
A,CLEANEc,ggpps,0.05088302170157446,0.07370135631791412,4,14.5,0.03685067815895706
A,CLEANEc,gpps,0.006993006993006993,,1,14.0,
A,CLEANEc,mono,0.713423357968699,0.1572149034078756,5,45.8,0.07030864221921464
A,CLEANEc,negative,0.4888888888888888,,1,3.0,
A,CLEANEc,sesq,0.858427680366133,0.084664603067676,5,97.0,0.03786316154947215
A,CLEANEc,sester,0.10115321830260215,0.0666652392467057,4,7.75,0.03333261962335285
A,CLEANEc,tetra,0.19266381766381768,,1,3.0,
A,CLEANEc,tri,0.6626394511249448,0.1955163962056363,4,32.5,0.09775819810281815
A,CLEANProp,di,0.46224328100067513,0.21469492470788007,5,27.2,0.0960144892142038
A,CLEANProp,di-int,0.4474576271186441,0.3499579323838507,2,23.0,0.2474576271186441
A,CLEANProp,fpps,0.28205128205128205,,1,11.0,
A,CLEANProp,gfpps,0.14285714285714285,,1,3.0,
A,CLEANProp,ggpps,0.38060897435897434,0.14341829565275882,4,14.5,0.07170914782637941
A,CLEANProp,gpps,0.3333333333333333,,1,14.0,
A,CLEANProp,mono,0.5691201153876264,0.2102596834402032,5,45.8,0.09403098901997624
A,CLEANProp,negative,0.125,,1,3.0,
A,CLEANProp,sesq,0.7779033625450833,0.11274763307291637,5,97.0,0.0504222743706489
A,CLEANProp,sester,0.25076587722398963,0.0940006286377238,4,7.75,0.0470003143188619
A,CLEANProp,tetra,0.14285714285714285,,1,3.0,
A,CLEANProp,tri,0.357830657263397,0.30737475952893273,4,32.5,0.15368737976446636
A,Foldseek,di,0.8745986590963607,0.043360436428634436,5,27.2,0.01939137667769696
A,Foldseek,di-int,0.9880952380952381,0.016835875742536824,2,23.0,0.011904761904761888
A,Foldseek,fpps,0.4575469552958297,,1,11.0,
A,Foldseek,gfpps,0.0014962593516209476,,1,3.0,
A,Foldseek,ggpps,0.24854932978690306,0.17458407714924457,4,14.5,0.08729203857462228
A,Foldseek,gpps,0.4325674325674325,,1,14.0,
A,Foldseek,mono,0.9123258325590134,0.018914113230158635,5,45.8,0.008458648583352567
A,Foldseek,negative,0.6,,1,3.0,
A,Foldseek,sesq,0.9630390587354958,0.02686648706143288,5,97.0,0.012015058277196497
A,Foldseek,sester,0.8851551804580977,0.13364424395079727,4,7.75,0.06682212197539864
A,Foldseek,tetra,0.75,,1,3.0,
A,Foldseek,tri,0.5980779132047235,0.2746192375402076,4,32.5,0.1373096187701038
A,HMM,di,0.8710127620346537,0.12974572750003469,5,27.2,0.058024053296048275
A,HMM,di-int,0.4893046362593025,0.6884315198926578,2,23.0,0.4867945960986599
A,HMM,fpps,1.0,,1,11.0,
A,HMM,gfpps,1.0,,1,3.0,
A,HMM,ggpps,0.8907142857142857,0.21857142857142856,4,14.5,0.10928571428571428
A,HMM,gpps,1.0,,1,14.0,
A,HMM,mono,0.9850576096276299,0.022096728391409567,5,45.8,0.009881957352708274
A,HMM,negative,0.6,,1,3.0,
A,HMM,sesq,0.9900502343267087,0.013494027894732448,5,97.0,0.0060347127325800255
A,HMM,sester,0.9221230158730158,0.15575396825396826,4,7.75,0.07787698412698413
A,HMM,tetra,0.3343308395677473,,1,3.0,
A,HMM,tri,0.7183585897266542,0.3727526670488534,4,32.5,0.1863763335244267
A,PlmRF,di,0.9470039312337686,0.06852180267206248,5,27.2,0.030643881743111685
A,PlmRF,di-int,0.984673316086259,0.02167520425701812,2,23.0,0.015326683913741033
A,PlmRF,fpps,0.9358303312848767,,1,11.0,
A,PlmRF,gfpps,0.6555555555555554,,1,3.0,
A,PlmRF,ggpps,0.7501554497235268,0.2303357607063279,4,14.5,0.11516788035316396
A,PlmRF,gpps,0.9614272632129776,,1,14.0,
A,PlmRF,mono,0.9981894151005795,0.00404859091413856,5,45.8,0.001810584899420367
A,PlmRF,negative,0.7,,1,3.0,
A,PlmRF,sesq,0.991558198750146,0.017561349437364693,5,97.0,0.007853674223715027
A,PlmRF,sester,0.9940476190476191,0.011904761904761972,4,7.75,0.005952380952380986
A,PlmRF,tetra,0.9166666666666665,,1,3.0,
A,PlmRF,tri,0.9228174603174604,0.1452534542432562,4,32.5,0.0726267271216281
B,Blastp,di,0.2023748183900053,0.1008850067853623,5,53.4,0.04511714661651953
B,Blastp,hemi,0.010101010101010102,,1,3.0,
B,Blastp,mono,0.21586901701260217,0.14693116417728141,5,53.8,0.06570961422271664
B,Blastp,pt,0.05728993480257755,0.06011396634044912,5,34.0,0.026883783026875697
B,Blastp,sesq,0.33382055923638676,0.10802731590706065,5,102.0,0.04831128435900639
B,Blastp,sester,0.01840883777503496,0.011635606221700007,3,5.666666666666667,0.006717820384282984
B,Blastp,tetra,0.0821917808219178,,1,12.0,
B,Blastp,tri,0.10468943887789021,0.1050511597522644,5,22.8,0.04698030686425063
B,CLEAN,di,0.33955040765903766,0.2469579231378131,5,53.4,0.11044294074366365
B,CLEAN,hemi,0.2275132275132275,,1,3.0,
B,CLEAN,mono,0.3591041120425623,0.3125053104282934,5,53.8,0.13975662348946757
B,CLEAN,pt,0.3872385569311332,0.300629868230756,5,34.0,0.13444576428615496
B,CLEAN,sesq,0.45168972784596717,0.2574440930059225,5,102.0,0.11513249847340418
B,CLEAN,sester,0.02569009483403643,0.01353931956030161,3,5.666666666666667,0.0078169297927845
B,CLEAN,tetra,0.24494301994301992,,1,12.0,
B,CLEAN,tri,0.3491157588154943,0.3114730635609826,5,22.8,0.13929498865649395
B,CLEANEc,di,0.33808102013571684,0.2458973353397231,5,53.4,0.10996863146113643
B,CLEANEc,hemi,0.2275132275132275,,1,3.0,
B,CLEANEc,mono,0.3552044183874588,0.3140872306894226,5,53.8,0.14046407973724143
B,CLEANEc,pt,0.04556504311255503,0.037461676153809395,5,34.0,0.016753370886200134
B,CLEANEc,sesq,0.45278140532658695,0.25466742399266606,5,102.0,0.11389073434047244
B,CLEANEc,sester,0.013019904803559199,0.005211352130153169,3,5.666666666666667,0.003008775555185862
B,CLEANEc,tetra,0.24494301994301992,,1,12.0,
B,CLEANEc,tri,0.365790135770707,0.3251917487952307,5,22.8,0.14543017120563423
B,CLEANProp,di,0.2163146562231701,0.09831060410851929,5,53.4,0.043965838739143843
B,CLEANProp,hemi,0.01020408163265306,,1,3.0,
B,CLEANProp,mono,0.2213196563939123,0.14392060439756532,5,53.8,0.06436325095916225
B,CLEANProp,pt,0.15692354397566124,0.09666759140920622,5,34.0,0.04323106112243196
B,CLEANProp,sesq,0.33809033098648944,0.12220121968155893,5,102.0,0.054650046828270196
B,CLEANProp,sester,0.021882143925663317,0.010325205850028114,3,5.666666666666667,0.005961260376952031
B,CLEANProp,tetra,0.08955223880597014,,1,12.0,
B,CLEANProp,tri,0.08971693678802643,0.10336953764979338,5,22.8,0.04622826259753237
B,Foldseek,di,0.20563553824554903,0.09552855533346262,5,53.4,0.0427216687035945
B,Foldseek,hemi,0.009900990099009901,,1,3.0,
B,Foldseek,mono,0.2064894697146328,0.1254419906824123,5,53.8,0.05609936367975382
B,Foldseek,pt,0.04988131663462195,0.05252044220373917,5,34.0,0.02348785579518193
B,Foldseek,sesq,0.3178699354965705,0.10915014769824628,5,102.0,0.04881343000148418
B,Foldseek,sester,0.018323400176587807,0.01163963502179844,3,5.666666666666667,0.006720146413104326
B,Foldseek,tetra,0.08053691275167785,,1,12.0,
B,Foldseek,tri,0.0835196088081546,0.1066037448526865,5,22.8,0.04767464402933006
B,HMM,di,0.2609682712791305,0.15916401888518325,5,53.4,0.071180313159866
B,HMM,hemi,0.031578947368421054,,1,3.0,
B,HMM,mono,0.32098320699711513,0.20134299172428213,5,53.8,0.09004332325773448
B,HMM,pt,0.10734736071783349,0.08189863874125054,5,34.0,0.0366261846980268
B,HMM,sesq,0.39540002506223454,0.19356550303843878,5,102.0,0.08656512457857823
B,HMM,sester,0.021358754557362594,0.0071560903446715625,3,5.666666666666667,0.004131570686841409
B,HMM,tetra,0.037069530447136394,,1,12.0,
B,HMM,tri,0.06626692528996155,0.10545263436897341,5,22.8,0.047159851771091034
B,PlmDomainsRF,di,0.577294915963052,0.19208390712127787,5,53.4,0.08590253474138665
B,PlmDomainsRF,hemi,0.375,,1,3.0,
B,PlmDomainsRF,mono,0.5932161557038663,0.166703034680788,5,53.8,0.07455186352034938
B,PlmDomainsRF,pt,0.1135145773015805,0.085305294003973,5,34.0,0.03814968724669777
B,PlmDomainsRF,sesq,0.7859464860028483,0.12773698807401454,5,102.0,0.057125717714915286
B,PlmDomainsRF,sester,0.1977313057965436,0.16027010697605643,3,5.666666666666667,0.09253198940567631
B,PlmDomainsRF,tetra,0.09806580729310516,,1,12.0,
B,PlmDomainsRF,tri,0.1674884689554876,0.24196833357414735,5,22.8,0.10821152845482762
B,PlmRF,di,0.3885797406801288,0.1487963684355819,5,53.4,0.06654375892541302
B,PlmRF,hemi,0.75,,1,3.0,
B,PlmRF,mono,0.5736564289994492,0.1545170716092001,5,53.8,0.06910213516047485
B,PlmRF,pt,0.11970460072922531,0.08722150851776767,5,34.0,0.03900664442916108
B,PlmRF,sesq,0.7644827556532231,0.1414289342636931,5,102.0,0.06324894219979338
B,PlmRF,sester,0.09180411542676749,0.03145362579286167,3,5.666666666666667,0.018159759318498444
B,PlmRF,tetra,0.09148849081255125,,1,12.0,
B,PlmRF,tri,0.15891233477414107,0.20450430234572914,5,22.8,0.09145710434724401
C,Blastp,di,0.9367998725208142,0.05357498861187562,5,25.6,0.023959463285986193
C,Blastp,di-int,0.8694444444444445,0.12410171057604819,4,11.0,0.06205085528802409
C,Blastp,fpps,0.0196704354402215,0.025702166309455713,2,6.5,0.018174176088600554
C,Blastp,gfpps,0.2510055304172951,,1,4.0,
C,Blastp,ggpps,0.39161020869884583,0.34130370212157957,5,11.8,0.1526356557832382
C,Blastp,gpps,0.0065065065065065065,,1,13.0,
C,Blastp,hemi,0.8,,1,4.0,
C,Blastp,mono,0.9233482316175602,0.09998424530808267,5,41.2,0.04471431383757745
C,Blastp,sesq,0.9870899276745092,0.013662063686783356,5,86.6,0.006109860623315796
C,Blastp,sester,0.8506296659520443,0.14282789043974717,4,7.5,0.07141394521987358
C,Blastp,tri,0.8674961406904442,0.1253824722720932,4,23.75,0.0626912361360466
C,CLEAN,di,0.6770533807973662,0.19095626110420463,5,25.6,0.08539823611164012
C,CLEAN,di-int,0.6526119749293524,0.10901698896023414,4,11.0,0.05450849448011707
C,CLEAN,fpps,0.44885360010360015,0.378835525629754,2,6.5,0.26787716912716913
C,CLEAN,gfpps,0.7208333333333333,,1,4.0,
C,CLEAN,ggpps,0.6267267583040753,0.2927913825764413,5,11.8,0.13094028693341403
C,CLEAN,gpps,0.7954953391188209,,1,13.0,
C,CLEAN,hemi,0.8333333333333334,,1,4.0,
C,CLEAN,mono,0.7625327910704627,0.1202501012795897,5,41.2,0.0537774801524794
C,CLEAN,sesq,0.8593863032412296,0.0647207695066201,5,86.6,0.028944008034579614
C,CLEAN,sester,0.4817317838068826,0.1860835133755602,4,7.5,0.0930417566877801
C,CLEAN,tri,0.5708486135249312,0.23603587505671236,4,23.75,0.11801793752835618
C,CLEANEc,di,0.6674309884771685,0.14747426345524722,5,25.6,0.06595249560352916
C,CLEANEc,di-int,0.6568117731378662,0.11062317435963999,4,11.0,0.055311587179819995
C,CLEANEc,fpps,0.007170435440221501,0.008024496779792023,2,6.5,0.0056741760886005535
C,CLEANEc,gfpps,0.002011060834590246,,1,4.0,
C,CLEANEc,ggpps,0.09547672513041293,0.19157751894943204,5,11.8,0.08567607106633682
C,CLEANEc,gpps,0.0065065065065065065,,1,13.0,
C,CLEANEc,hemi,0.8333333333333334,,1,4.0,
C,CLEANEc,mono,0.7513655929277584,0.12102767908275984,5,41.2,0.054125223517616075
C,CLEANEc,sesq,0.8480373818848937,0.082383296604828,5,86.6,0.03684293028378461
C,CLEANEc,sester,0.07565744410839594,0.08696821429538698,4,7.5,0.04348410714769349
C,CLEANEc,tri,0.596652545547327,0.2588002671358981,4,23.75,0.12940013356794905
C,CLEANProp,di,0.49151075839684866,0.1446581168740285,5,25.6,0.06469307656548741
C,CLEANProp,di-int,0.3212108013937282,0.1512495069590248,4,11.0,0.0756247534795124
C,CLEANProp,fpps,0.23271889400921658,0.12708370721785878,2,6.5,0.08986175115207373
C,CLEANProp,gfpps,0.16,,1,4.0,
C,CLEANProp,ggpps,0.3295704295704296,0.17210994238911625,5,11.8,0.0769699061571273
C,CLEANProp,gpps,0.38235294117647056,,1,13.0,
C,CLEANProp,hemi,0.18181818181818182,,1,4.0,
C,CLEANProp,mono,0.6042814221389572,0.14144255383008786,5,41.2,0.06325503305504994
C,CLEANProp,sesq,0.7717655534199979,0.08515370470327226,5,86.6,0.038081894450492065
C,CLEANProp,sester,0.24727564102564104,0.0920318394223196,4,7.5,0.0460159197111598
C,CLEANProp,tri,0.3737117088887674,0.24053965388233306,4,23.75,0.12026982694116653
C,Foldseek,di,0.8980192079194692,0.05102736892366635,5,25.6,0.022820133125255646
C,Foldseek,di-int,0.8478535353535354,0.11237373737373736,4,11.0,0.05618686868686868
C,Foldseek,fpps,0.0196704354402215,0.025702166309455713,2,6.5,0.018174176088600554
C,Foldseek,gfpps,0.2510055304172951,,1,4.0,
C,Foldseek,ggpps,0.30478580027762847,0.30046556031827965,5,11.8,0.1343722835538473
C,Foldseek,gpps,0.0065065065065065065,,1,13.0,
C,Foldseek,hemi,0.8,,1,4.0,
C,Foldseek,mono,0.885846491840082,0.11142500601531129,5,41.2,0.0498307775687118
C,Foldseek,sesq,0.9669652350108473,0.03338869856919925,5,86.6,0.014931879936195897
C,Foldseek,sester,0.8379548407772192,0.12349448027235545,4,7.5,0.061747240136177724
C,Foldseek,tri,0.8000872559202042,0.08003040272920661,4,23.75,0.040015201364603306
C,HMM,di,0.960692843051554,0.035941591786626155,5,25.6,0.01607356849088884
C,HMM,di-int,0.8087535916478781,0.19409407548345356,4,11.0,0.09704703774172678
C,HMM,fpps,0.8947979797979798,0.14877812375874527,2,6.5,0.10520202020202017
C,HMM,gfpps,0.525,,1,4.0,
C,HMM,ggpps,0.8595754082688941,0.2124013673165218,5,11.8,0.09498877916672896
C,HMM,gpps,0.8485770639616793,,1,13.0,
C,HMM,hemi,1.0,,1,4.0,
C,HMM,mono,0.97326640881218,0.029860380820374868,5,41.2,0.013353968269677828
C,HMM,sesq,0.9852761183385862,0.013021396336467927,5,86.6,0.005823345474061802
C,HMM,sester,0.910533090646727,0.10333432888449448,4,7.5,0.05166716444224724
C,HMM,tri,0.886212193330095,0.1721530486812347,4,23.75,0.08607652434061736
C,PlmDomainsRF,di,0.9997446808510638,0.0005709109729786693,5,25.6,0.00025531914893617004
C,PlmDomainsRF,di-int,0.9955357142857143,0.008928571428571397,4,11.0,0.004464285714285698
C,PlmDomainsRF,fpps,0.8409595959595959,0.182204989778473,2,6.5,0.12883838383838384
C,PlmDomainsRF,gfpps,0.8303571428571428,,1,4.0,
C,PlmDomainsRF,ggpps,0.6759975640391267,0.2354289931761532,5,11.8,0.10528704652324253
C,PlmDomainsRF,gpps,1.0,,1,13.0,
C,PlmDomainsRF,hemi,1.0,,1,4.0,
C,PlmDomainsRF,mono,1.0,0.0,5,41.2,0.0
C,PlmDomainsRF,sesq,0.998134272720495,0.0041718930244488694,5,86.6,0.0018657272795049727
C,PlmDomainsRF,sester,1.0,0.0,4,7.5,0.0
C,PlmDomainsRF,tri,1.0,0.0,4,23.75,0.0
C,PlmRF,di,0.9959904103851549,0.006356261423843832,5,25.6,0.002842606525294882
C,PlmRF,di-int,0.944954648526077,0.06721080402466584,4,11.0,0.03360540201233292
C,PlmRF,fpps,0.4894101037851038,0.024307335214689616,2,6.5,0.01718788156288159
C,PlmRF,gfpps,0.6666666666666666,,1,4.0,
C,PlmRF,ggpps,0.6592405498459419,0.29188898478466,5,11.8,0.13053672237238031
C,PlmRF,gpps,0.6109991054829111,,1,13.0,
C,PlmRF,hemi,1.0,,1,4.0,
C,PlmRF,mono,0.994253779498182,0.006920729947313378,5,41.2,0.00309504452322225
C,PlmRF,sesq,0.9957056310359494,0.004834650754669214,5,86.6,0.002162121546982204
C,PlmRF,sester,1.0,0.0,4,7.5,0.0
C,PlmRF,tri,0.8832142857142856,0.18229882315074505,4,23.75,0.09114941157537253
D,Blastp,di,0.8691291620209665,0.06569015130500921,5,53.4,0.029377528754049424
D,Blastp,hemi,1.0,,1,3.0,
D,Blastp,mono,0.9162944637240086,0.06858302797759361,5,53.8,0.030671262532133845
D,Blastp,pt,0.38018526672012526,0.1845068717657954,5,34.0,0.08251398151683102
D,Blastp,sesq,0.9442653502150613,0.033879832562096514,5,102.0,0.015151521735031733
D,Blastp,sester,0.5721955665617637,0.18666588468140632,3,5.666666666666667,0.10777159876932958
D,Blastp,tetra,0.9230769230769231,,1,12.0,
D,Blastp,tri,0.7176706841498358,0.35006648773731425,5,22.8,0.15655449264504623
D,CLEAN,di,0.33468768966169815,0.24482420744369524,5,53.4,0.1094887140763225
D,CLEAN,hemi,0.2275132275132275,,1,3.0,
D,CLEAN,mono,0.3591041120425623,0.3125053104282934,5,53.8,0.13975662348946757
D,CLEAN,pt,0.3872385569311332,0.300629868230756,5,34.0,0.13444576428615496
D,CLEAN,sesq,0.44880950005044873,0.2534480862192536,5,102.0,0.11334542991069572
D,CLEAN,sester,0.02569009483403643,0.013539319560301613,3,5.666666666666667,0.007816929792784503
D,CLEAN,tetra,0.24494301994301992,,1,12.0,
D,CLEAN,tri,0.3491157588154943,0.3114730635609826,5,22.8,0.13929498865649395
D,CLEANEc,di,0.33808102013571684,0.2458973353397231,5,53.4,0.10996863146113643
D,CLEANEc,hemi,0.2275132275132275,,1,3.0,
D,CLEANEc,mono,0.3552044183874588,0.3140872306894226,5,53.8,0.14046407973724143
D,CLEANEc,pt,0.04556504311255503,0.037461676153809395,5,34.0,0.016753370886200134
D,CLEANEc,sesq,0.45278140532658695,0.25466742399266606,5,102.0,0.11389073434047244
D,CLEANEc,sester,0.013019904803559199,0.005211352130153169,3,5.666666666666667,0.003008775555185862
D,CLEANEc,tetra,0.24494301994301992,,1,12.0,
D,CLEANEc,tri,0.365790135770707,0.3251917487952307,5,22.8,0.14543017120563423
D,CLEANProp,di,0.2163146562231701,0.09831060410851929,5,53.4,0.043965838739143843
D,CLEANProp,hemi,0.01020408163265306,,1,3.0,
D,CLEANProp,mono,0.2213196563939123,0.14392060439756532,5,53.8,0.06436325095916225
D,CLEANProp,pt,0.15692354397566124,0.09666759140920622,5,34.0,0.04323106112243196
D,CLEANProp,sesq,0.33809033098648944,0.12220121968155893,5,102.0,0.054650046828270196
D,CLEANProp,sester,0.021882143925663317,0.010325205850028114,3,5.666666666666667,0.005961260376952031
D,CLEANProp,tetra,0.08955223880597014,,1,12.0,
D,CLEANProp,tri,0.08971693678802643,0.10336953764979338,5,22.8,0.04622826259753237
D,Foldseek,di,0.9384026060116785,0.02683814481891754,5,53.4,0.012002383241016679
D,Foldseek,hemi,1.0,,1,3.0,
D,Foldseek,mono,0.9497464026679436,0.03135385673644525,5,53.8,0.014021871003896257
D,Foldseek,pt,0.44446316562406957,0.25381113550285545,5,34.0,0.113507790486159
D,Foldseek,sesq,0.9716704332916579,0.031438176006758856,5,102.0,0.014059579727943137
D,Foldseek,sester,0.8714285714285714,0.14498416521560312,3,5.666666666666667,0.08370664681546164
D,Foldseek,tetra,0.7761712483345569,,1,12.0,
D,Foldseek,tri,0.8896132389418675,0.11901268119182941,5,22.8,0.05322408906588825
D,HMM,di,0.9351579217675752,0.024906902150199542,5,53.4,0.01113870526335637
D,HMM,hemi,1.0,,1,3.0,
D,HMM,mono,0.9991669636918783,0.001339271066395905,5,53.8,0.0005989402289519755
D,HMM,pt,0.9583839249126569,0.08297112085673014,5,34.0,0.037105813280999836
D,HMM,sesq,0.9954882770042641,0.005881978485028142,5,102.0,0.002630500746942831
D,HMM,sester,0.9722222222222222,0.04811252243246889,3,5.666666666666667,0.027777777777777825
D,HMM,tetra,0.006362672322375398,,1,12.0,
D,HMM,tri,0.6540917715266521,0.37755489835300077,5,22.8,0.1688476835910666
D,PlmDomainsRF,di,0.9984869606122965,0.002319836184122928,5,53.4,0.001037462280872517
D,PlmDomainsRF,hemi,1.0,,1,3.0,
D,PlmDomainsRF,mono,0.9996513764648777,0.0004779859534295414,5,53.8,0.00021376181683170067
D,PlmDomainsRF,pt,0.694391284202649,0.1771865245070664,5,34.0,0.07924022269894658
D,PlmDomainsRF,sesq,0.9982010481969544,0.003829447408344216,5,102.0,0.0017125809442636122
D,PlmDomainsRF,sester,1.0,0.0,3,5.666666666666667,0.0
D,PlmDomainsRF,tetra,1.0,,1,12.0,
D,PlmDomainsRF,tri,1.0,0.0,5,22.8,0.0
D,PlmRF,di,0.9786834330644245,0.0209991140094879,5,53.4,0.009391089278496622
D,PlmRF,hemi,1.0,,1,3.0,
D,PlmRF,mono,0.9997338065661048,0.0005952266133540003,5,53.8,0.00026619343389530577
D,PlmRF,pt,0.8485711202611667,0.12125262827494776,5,34.0,0.054225823854659246
D,PlmRF,sesq,0.9976498103592512,0.004499314444382943,5,102.0,0.002012154589957391
D,PlmRF,sester,1.0,1.5700924586837752e-16,3,5.666666666666667,9.06493303673679e-17
D,PlmRF,tetra,1.0,,1,12.0,
D,PlmRF,tri,0.9899999999999999,0.022360679774997907,5,22.8,0.010000000000000004
E,Blastp,di,0.8945743779109513,0.06006444216790322,5,53.4,0.026861635143607288
E,Blastp,hemi,1.0,,1,3.0,
E,Blastp,mono,0.8853519684236734,0.0578503591420512,5,53.8,0.02587146711288058
E,Blastp,pt,0.3920126192143011,0.20248638842152283,5,34.0,0.09055466580579027
E,Blastp,sesq,0.9447686425793297,0.029235443813683183,5,102.0,0.013074487943954258
E,Blastp,sester,0.5721955665617637,0.18666588468140632,3,5.666666666666667,0.10777159876932958
E,Blastp,tetra,0.9230769230769231,,1,12.0,
E,Blastp,tri,0.6417750926431894,0.35295758562769575,5,22.8,0.15784743092754608
E,CLEAN,di,0.33955040765903766,0.2469579231378131,5,53.4,0.11044294074366365
E,CLEAN,hemi,0.2275132275132275,,1,3.0,
E,CLEAN,mono,0.3591041120425623,0.3125053104282934,5,53.8,0.13975662348946757
E,CLEAN,pt,0.3872385569311332,0.300629868230756,5,34.0,0.13444576428615496
E,CLEAN,sesq,0.45168972784596717,0.2574440930059225,5,102.0,0.11513249847340418
E,CLEAN,sester,0.02569009483403643,0.01353931956030161,3,5.666666666666667,0.0078169297927845
E,CLEAN,tetra,0.24494301994301992,,1,12.0,
E,CLEAN,tri,0.3491157588154943,0.3114730635609826,5,22.8,0.13929498865649395
E,CLEANEc,di,0.33808102013571684,0.2458973353397231,5,53.4,0.10996863146113643
E,CLEANEc,hemi,0.2275132275132275,,1,3.0,
E,CLEANEc,mono,0.3552044183874588,0.3140872306894226,5,53.8,0.14046407973724143
E,CLEANEc,pt,0.04556504311255503,0.037461676153809395,5,34.0,0.016753370886200134
E,CLEANEc,sesq,0.45278140532658695,0.25466742399266606,5,102.0,0.11389073434047244
E,CLEANEc,sester,0.013019904803559199,0.005211352130153169,3,5.666666666666667,0.003008775555185862
E,CLEANEc,tetra,0.24494301994301992,,1,12.0,
E,CLEANEc,tri,0.365790135770707,0.3251917487952307,5,22.8,0.14543017120563423
E,CLEANProp,di,0.2163146562231701,0.09831060410851929,5,53.4,0.043965838739143843
E,CLEANProp,hemi,0.01020408163265306,,1,3.0,
E,CLEANProp,mono,0.2213196563939123,0.14392060439756532,5,53.8,0.06436325095916225
E,CLEANProp,pt,0.15692354397566124,0.09666759140920622,5,34.0,0.04323106112243196
E,CLEANProp,sesq,0.33809033098648944,0.12220121968155893,5,102.0,0.054650046828270196
E,CLEANProp,sester,0.021882143925663317,0.010325205850028114,3,5.666666666666667,0.005961260376952031
E,CLEANProp,tetra,0.08955223880597014,,1,12.0,
E,CLEANProp,tri,0.08971693678802643,0.10336953764979338,5,22.8,0.04622826259753237
E,Foldseek,di,0.9524756973775821,0.03680007346012965,5,53.4,0.01645749316676716
E,Foldseek,hemi,1.0,,1,3.0,
E,Foldseek,mono,0.952270244102605,0.03557088633882039,5,53.8,0.0159077839747042
E,Foldseek,pt,0.37004527257702213,0.2713180569144104,5,34.0,0.12133712375675569
E,Foldseek,sesq,0.9686560651965959,0.028814584317625114,5,102.0,0.012886273855521829
E,Foldseek,sester,0.6807120500782472,0.06359621680902622,3,5.666666666666667,0.03671729289413309
E,Foldseek,tetra,0.9230769230769231,,1,12.0,
E,Foldseek,tri,0.8241905932156437,0.16825957796435098,5,22.8,0.07524797083874289
E,HMM,di,0.9236608440831358,0.04125562210531292,5,53.4,0.018450075096304534
E,HMM,hemi,1.0,,1,3.0,
E,HMM,mono,0.9999608763693271,8.74830977112653e-05,5,53.8,3.9123630672929094e-05
E,HMM,pt,0.8033586144467002,0.14630275754224084,5,34.0,0.06542858223202411
E,HMM,sesq,0.9828207324996452,0.021853316917258198,5,102.0,0.009773100432167095
E,HMM,sester,1.0,0.0,3,5.666666666666667,0.0
E,HMM,tetra,0.5859844468009898,,1,12.0,
E,HMM,tri,0.5875689953258807,0.35617115286184264,5,22.8,0.15928458188470979
E,PlmDomainsRF,di,0.9944764223943758,0.011768620546777653,5,53.4,0.005263087108799115
E,PlmDomainsRF,hemi,1.0,,1,3.0,
E,PlmDomainsRF,mono,0.9960444424632067,0.00563240609998964,5,53.8,0.0025188885832922625
E,PlmDomainsRF,pt,0.4977526870517221,0.12332326030400614,5,34.0,0.05515183864933182
E,PlmDomainsRF,sesq,0.991593669714744,0.009236617403738196,5,102.0,0.004130740879383245
E,PlmDomainsRF,sester,1.0,0.0,3,5.666666666666667,0.0
E,PlmDomainsRF,tetra,0.8154456654456655,,1,12.0,
E,PlmDomainsRF,tri,0.824812756401356,0.213711805242913,5,22.8,0.09557482482346988
E,PlmRF,di,0.9989928146482645,0.001248877350666443,5,53.4,0.0005585149303300017
E,PlmRF,hemi,1.0,,1,3.0,
E,PlmRF,mono,1.0,1.1102230246251565e-16,5,53.8,4.965068306494546e-17
E,PlmRF,pt,0.780606560001777,0.17094817708157778,5,34.0,0.0764503489168159
E,PlmRF,sesq,0.9969609008811144,0.005710604169134433,5,102.0,0.0025538598229556597
E,PlmRF,sester,1.0,0.0,3,5.666666666666667,0.0
E,PlmRF,tetra,1.0,,1,12.0,
E,PlmRF,tri,1.0,7.850462293418876e-17,5,22.8,3.510833468576701e-17
