classifier,class,tier,target_type,target_value,lower_bound,achieved_precision,recall,n_above_lower,reachable
PLM_Domains,TPS,Ultra-High Confidence,precision,0.9999,0.87,1.0,0.982484076433121,1234,True
PLM_Domains,TPS,Very High Confidence,precision,0.99,0.5525,0.9904534606205251,0.9912420382165605,1257,True
PLM_Domains,TPS,High Confidence,precision,0.95,0.18,0.95,0.9984076433121019,1320,True
PLM_Domains,TPS,Mid Confidence,precision,0.8,0.05,0.8005098789037604,1.0,1569,True
PLM_Domains,TPS,Low Confidence,precision,0.5,0.015479876160990712,0.542548596112311,1.0,2315,True
PLM_Domains,TPS,Very Low Confidence,recall,1.0,0.115,0.9062049062049062,1.0,1386,True
PLM_Domains,IDS,Very High Confidence,precision,0.99,0.89,0.9917355371900827,0.6629834254143646,121,True
PLM_Domains,IDS,High Confidence,precision,0.95,0.39,0.9518716577540107,0.9834254143646409,187,True
PLM_Domains,IDS,Mid Confidence,precision,0.8,0.0625,0.8044444444444444,1.0,225,True
PLM_Domains,IDS,Low Confidence,precision,0.5,0.011111111111111112,0.5156695156695157,1.0,351,True
PLM_Domains,IDS,Very Low Confidence,recall,1.0,0.16,0.9476439790575916,1.0,191,True
PLM_Domains,FPP,Very High Confidence,precision,0.99,0.8527777777777777,0.9913294797687862,0.5745393634840871,346,True
PLM_Domains,FPP,High Confidence,precision,0.95,0.7525,0.9502369668246445,0.6716917922948074,422,True
PLM_Domains,FPP,Mid Confidence,precision,0.8,0.535,0.8006042296072508,0.8877721943048577,662,True
PLM_Domains,FPP,Low Confidence,precision,0.5,0.0325,0.5004191114836547,1.0,1193,True
PLM_Domains,FPP,Very Low Confidence,recall,1.0,0.065,0.5669515669515669,1.0,1053,True
PLM_Domains,GPP,Very High Confidence,precision,0.99,0.9071207430340558,1.0,0.053691275167785234,16,True
PLM_Domains,GPP,High Confidence,precision,0.95,0.7972222222222223,0.9506172839506173,0.25838926174496646,81,True
PLM_Domains,GPP,Mid Confidence,precision,0.8,0.365,0.8031088082901554,0.5201342281879194,193,True
PLM_Domains,GPP,Low Confidence,precision,0.5,0.17027863777089783,0.5030800821355236,0.8221476510067114,487,True
PLM_Domains,GPP,Very Low Confidence,recall,1.0,0.0175,0.2514767932489452,1.0,1185,True
PLM_Domains,GGPP,Very High Confidence,precision,0.99,0.9575,1.0,0.0782608695652174,18,True
PLM_Domains,GGPP,High Confidence,precision,0.95,0.6725,0.96,0.3130434782608696,75,True
PLM_Domains,GGPP,Mid Confidence,precision,0.8,0.51,0.8013245033112583,0.5260869565217391,151,True
PLM_Domains,GGPP,Low Confidence,precision,0.5,0.2075,0.5,0.9130434782608695,420,True
PLM_Domains,GGPP,Very Low Confidence,recall,1.0,0.02476780185758514,0.18744906275468623,1.0,1227,True
PLM_Domains,EDSQ,Very High Confidence,precision,0.99,0.9972222222222222,1.0,0.25,22,True
PLM_Domains,EDSQ,High Confidence,precision,0.95,0.3138888888888889,0.9560439560439561,0.9886363636363636,91,True
PLM_Domains,EDSQ,Mid Confidence,precision,0.8,0.01,0.8,1.0,110,True
PLM_Domains,EDSQ,Low Confidence,precision,0.5,0.0030959752321981426,0.55,1.0,160,True
PLM_Domains,EDSQ,Very Low Confidence,recall,1.0,0.1925,0.946236559139785,1.0,93,True
PLM_Domains,CPP,Very High Confidence,precision,0.99,0.8947368421052632,1.0,0.05319148936170213,5,True
PLM_Domains,CPP,High Confidence,precision,0.95,0.8947368421052632,1.0,0.05319148936170213,5,True
PLM_Domains,CPP,Mid Confidence,precision,0.8,0.605,0.8103448275862069,0.5,58,True
PLM_Domains,CPP,Low Confidence,precision,0.5,0.05555555555555555,0.5,0.925531914893617,174,True
PLM_Domains,CPP,Very Low Confidence,recall,1.0,0.005,0.0931615460852329,1.0,1009,True
PLM_Domains,GFPP,Very High Confidence,precision,0.99,0.8,1.0,0.03278688524590164,2,True
PLM_Domains,GFPP,High Confidence,precision,0.95,0.8,1.0,0.03278688524590164,2,True
PLM_Domains,GFPP,Mid Confidence,precision,0.8,0.66,0.8108108108108109,0.4918032786885246,37,True
PLM_Domains,GFPP,Low Confidence,precision,0.5,0.075,0.5047619047619047,0.8688524590163934,105,True
PLM_Domains,GFPP,Very Low Confidence,recall,1.0,0.0,0.005363108844733603,1.0,11374,True
PLM_Domains,2xFPP,Very High Confidence,precision,0.99,0.6175,1.0,0.5789473684210527,11,True
PLM_Domains,2xFPP,High Confidence,precision,0.95,0.6175,1.0,0.5789473684210527,11,True
PLM_Domains,2xFPP,Mid Confidence,precision,0.8,0.2861111111111111,0.8,0.8421052631578947,20,True
PLM_Domains,2xFPP,Low Confidence,precision,0.5,0.13312693498452013,0.5,1.0,38,True
PLM_Domains,2xFPP,Very Low Confidence,recall,1.0,0.17,0.5588235294117647,1.0,34,True
PLM_Domains,2xGGPP,Very High Confidence,precision,0.99,0.3972222222222222,1.0,0.4117647058823529,7,True
PLM_Domains,2xGGPP,High Confidence,precision,0.95,0.3972222222222222,1.0,0.4117647058823529,7,True
PLM_Domains,2xGGPP,Mid Confidence,precision,0.8,0.3325,0.8333333333333334,0.5882352941176471,12,True
PLM_Domains,2xGGPP,Low Confidence,precision,0.5,0.1361111111111111,0.5,0.9411764705882353,32,True
PLM_Domains,2xGGPP,Very Low Confidence,recall,1.0,0.0425,0.18888888888888888,1.0,90,True
PLM,TPS,Ultra-High Confidence,precision,0.9999,0.3123359580052493,1.0,0.98328025477707,1235,True
PLM,TPS,Very High Confidence,precision,0.99,0.1975,0.9904686258935663,0.9928343949044586,1259,True
PLM,TPS,High Confidence,precision,0.95,0.14435695538057744,0.9528158295281582,0.9968152866242038,1314,True
PLM,TPS,Mid Confidence,precision,0.8,0.09210526315789473,0.8032051282051282,0.9976114649681529,1560,True
PLM,TPS,Low Confidence,precision,0.5,0.049868766404199474,0.5044212218649518,0.9992038216560509,2488,True
PLM,TPS,Very Low Confidence,recall,1.0,0.01,0.17777777777777778,1.0,7065,True
PLM,IDS,Very High Confidence,precision,0.99,0.66,0.991869918699187,0.6740331491712708,123,True
PLM,IDS,High Confidence,precision,0.95,0.18,0.9523809523809523,0.994475138121547,189,True
PLM,IDS,Mid Confidence,precision,0.8,0.0475,0.8181818181818182,0.994475138121547,220,True
PLM,IDS,Low Confidence,precision,0.5,0.03412073490813648,0.5142857142857142,0.994475138121547,350,True
PLM,IDS,Very Low Confidence,recall,1.0,0.03289473684210526,0.49318801089918257,1.0,367,True
PLM,FPP,Very High Confidence,precision,0.99,0.9342105263157895,0.9921259842519685,0.21105527638190955,127,True
PLM,FPP,High Confidence,precision,0.95,0.6351706036745407,0.9504310344827587,0.7386934673366834,464,True
PLM,FPP,Mid Confidence,precision,0.8,0.4409448818897638,0.8024502297090352,0.8777219430485762,653,True
PLM,FPP,Low Confidence,precision,0.5,0.04,0.5042444821731749,0.9949748743718593,1178,True
PLM,FPP,Very Low Confidence,recall,1.0,0.0025,0.07388613861386138,1.0,8080,True
PLM,GPP,Very High Confidence,precision,0.99,0.8787878787878788,1.0,0.06375838926174497,19,True
PLM,GPP,High Confidence,precision,0.95,0.7894736842105263,0.95,0.1912751677852349,60,True
PLM,GPP,Mid Confidence,precision,0.8,0.305,0.8015873015873016,0.6778523489932886,252,True
PLM,GPP,Low Confidence,precision,0.5,0.15485564304461943,0.5,0.825503355704698,492,True
PLM,GPP,Very Low Confidence,recall,1.0,0.010101010101010102,0.16518847006651885,1.0,1804,True
PLM,GGPP,Very High Confidence,precision,0.99,0.8320209973753281,1.0,0.18695652173913044,43,True
PLM,GGPP,High Confidence,precision,0.95,0.7247474747474747,0.9622641509433962,0.2217391304347826,53,True
PLM,GGPP,Mid Confidence,precision,0.8,0.4461942257217848,0.8,0.5217391304347826,150,True
PLM,GGPP,Low Confidence,precision,0.5,0.13486842105263158,0.5,0.9391304347826087,432,True
PLM,GGPP,Very Low Confidence,recall,1.0,0.010101010101010102,0.07266982622432859,1.0,3165,True
PLM,EDSQ,Very High Confidence,precision,0.99,0.9343434343434344,1.0,0.375,33,True
PLM,EDSQ,High Confidence,precision,0.95,0.10855263157894737,0.9560439560439561,0.9886363636363636,91,True
PLM,EDSQ,Mid Confidence,precision,0.8,0.02099737532808399,0.822429906542056,1.0,107,True
PLM,EDSQ,Low Confidence,precision,0.5,0.015151515151515152,0.6285714285714286,1.0,140,True
PLM,EDSQ,Very Low Confidence,recall,1.0,0.02099737532808399,0.822429906542056,1.0,107,True
PLM,CPP,Very High Confidence,precision,0.99,0.83,1.0,0.0851063829787234,8,True
PLM,CPP,High Confidence,precision,0.95,0.83,1.0,0.0851063829787234,8,True
PLM,CPP,Mid Confidence,precision,0.8,0.6944444444444444,0.8,0.1702127659574468,20,True
PLM,CPP,Low Confidence,precision,0.5,0.06818181818181818,0.5029239766081871,0.9148936170212766,171,True
PLM,CPP,Very Low Confidence,recall,1.0,0.005050505050505051,0.04939569101418812,1.0,1903,True
PLM,GFPP,Very High Confidence,precision,0.99,0.74,1.0,0.08196721311475409,5,True
PLM,GFPP,High Confidence,precision,0.95,0.74,1.0,0.08196721311475409,5,True
PLM,GFPP,Mid Confidence,precision,0.8,0.7375328083989501,0.8333333333333334,0.08196721311475409,6,True
PLM,GFPP,Low Confidence,precision,0.5,0.07086614173228346,0.5047619047619047,0.8688524590163934,105,True
PLM,GFPP,Very Low Confidence,recall,1.0,0.0,0.005363108844733603,1.0,11374,True
PLM,2xFPP,Very High Confidence,precision,0.99,0.445,1.0,0.3684210526315789,7,True
PLM,2xFPP,High Confidence,precision,0.95,0.445,1.0,0.3684210526315789,7,True
PLM,2xFPP,Mid Confidence,precision,0.8,0.11513157894736842,0.8095238095238095,0.8947368421052632,21,True
PLM,2xFPP,Low Confidence,precision,0.5,0.023622047244094488,0.5,1.0,38,True
PLM,2xFPP,Very Low Confidence,recall,1.0,0.0375,0.7307692307692307,1.0,26,True
PLM,2xGGPP,Very High Confidence,precision,0.99,0.275,1.0,0.35294117647058826,6,True
PLM,2xGGPP,High Confidence,precision,0.95,0.275,1.0,0.35294117647058826,6,True
PLM,2xGGPP,Mid Confidence,precision,0.8,0.195,0.8571428571428571,0.35294117647058826,7,True
PLM,2xGGPP,Low Confidence,precision,0.5,0.04040404040404041,0.5,0.9411764705882353,32,True
PLM,2xGGPP,Very Low Confidence,recall,1.0,0.007575757575757576,0.05448717948717949,1.0,312,True
