dark_id,closest_marts_id,closest_marts_kingdom,distance
A0A1F7R6L2,marts_E01474,Fungi,7.7311558201
A0A7S1CP13,marts_E01521,Bacteria,7.6722406550999995
A0AAD7E0U8,marts_E00183,Plants,7.624248678400002
A0A0N0B3U9,marts_E01521,Bacteria,7.2988764692
A0A7K2MIX3,marts_E01521,Bacteria,7.276337786999999
A0A4Y3QZ16,marts_E01521,Bacteria,7.158916635799999
A0A7W7FTQ8,marts_E01521,Bacteria,7.098445756
S9PKN9,marts_E01521,Bacteria,7.096124248299999
L1KQT8,marts_E01521,Bacteria,7.0846144684
A0AAI8PRU9,marts_E01521,Bacteria,6.9926640043
A0A932JYY9,marts_E01521,Bacteria,6.8586373901
A0A0K8PW03,marts_E01521,Bacteria,6.777738701199999
A0AAD6GQ70,marts_E01521,Bacteria,6.7552583867
A0A3F3PY94,marts_E01521,Bacteria,6.703110111499999
A0A318YEX8,marts_E01521,Bacteria,6.696654220299999
A0A364KP06,marts_E01521,Bacteria,6.6946236413
A0A8G1RBF0,marts_E01521,Bacteria,6.6871735164
C5FNJ1,marts_E01521,Bacteria,6.6485977459
A0A8J2KYP7,marts_E01083,Protists,6.6161208381000005
A0A9P9WB49,marts_E01521,Bacteria,6.6127875854
A0A8J2KSA0,marts_E01083,Protists,6.6004246595
A0A1L9RXI0,marts_E01521,Bacteria,6.596884900799999
A0A9X0BC34,marts_E01521,Bacteria,6.577297206699999
A0A9W9FCS2,marts_E01521,Bacteria,6.566186564000001
Q2J9I8,marts_E01521,Bacteria,6.559109168299999
A0A370P9R1,marts_E01521,Bacteria,6.551566510100001
A0A0M9WKX4,marts_E01521,Bacteria,6.538352699800001
Q0CZT9,marts_E01521,Bacteria,6.535260381800001
A0A229X4H3,marts_E01521,Bacteria,6.534762602900001
A0A093ZWX0,marts_E01521,Bacteria,6.5297253518
A0A8J2KTG1,marts_E01083,Protists,6.5036300945
A0A9W9LHY4,marts_E01521,Bacteria,6.493268046200001
A0A5M3YXD3,marts_E01521,Bacteria,6.4915759281
A0A316EVJ7,marts_E01521,Bacteria,6.485760960999999
A0A8J2P3K2,marts_E01083,Protists,6.4840721185
A0A8J2KHU9,marts_E01083,Protists,6.483968884599999
A0A1V6RZU5,marts_E01521,Bacteria,6.4811777821
A0A840Q571,marts_E01521,Bacteria,6.4702972282
A0AAU1BM03,marts_E01521,Bacteria,6.4677759234
A0A401QV78,marts_E01521,Bacteria,6.4584989986
A0A6G2RRG9,marts_E01521,Bacteria,6.4535529617
A0A9W9S486,marts_E01521,Bacteria,6.4497333635
A0A7X7UL22,marts_E01521,Bacteria,6.4430391197
A0A1F5LCU4,marts_E01521,Bacteria,6.4266733949
A0A9W9WHX4,marts_E01521,Bacteria,6.413977472199999
A0A9W9INU2,marts_E01521,Bacteria,6.405103432599999
A0A0A2JTN6,marts_E01521,Bacteria,6.4024687799999995
A0A7M1TB34,marts_E01521,Bacteria,6.4011811793
A0A5N6T1W8,marts_E01521,Bacteria,6.387476571999999
A0AAD4CLB1,marts_E01521,Bacteria,6.3854221883
A0A8J2P8V8,marts_E01083,Protists,6.3769744882
A0A7C4JUD2,marts_E01521,Bacteria,6.369429452399999
A0A8J2KB18,marts_E01083,Protists,6.367250801800001
A0A2V5TZS0,marts_E01521,Bacteria,6.362122187800001
A0A2V6CF99,marts_E01521,Bacteria,6.3566002695999995
B8MD00,marts_E01521,Bacteria,6.349663665
B6QE04,marts_E01521,Bacteria,6.348776024799999
A0A1I7NGK0,marts_E01521,Bacteria,6.3471327006
A0A970Z8K5,marts_E01185,Plants,6.3462472159
A0A9N9LXD5,marts_E00183,Plants,6.337413808200001
A0A8J2KSX0,marts_E01083,Protists,6.323871132400001
A0A9X0BD86,marts_E01521,Bacteria,6.309807451499999
A0A5N6D605,marts_E01521,Bacteria,6.303551862299999
G3ESX7,marts_E01521,Bacteria,6.287647509099999
A0AAD6E5M4,marts_E01521,Bacteria,6.2746697382
A0A662I836,marts_E01521,Bacteria,6.2701253037999995
A0A534L5D8,marts_E01185,Plants,6.2577758708
E6N4G2,marts_E01521,Bacteria,6.2555686154
A0AAU3FN81,marts_E01521,Bacteria,6.2416250258999995
A0A8J2LF38,marts_E01083,Protists,6.240398682
A0A2V5X3K7,marts_E01521,Bacteria,6.2270446344
A0A534MI49,marts_E01185,Plants,6.2219556828
A0A395I0H0,marts_E01521,Bacteria,6.218443111399999
A0A534LEN8,marts_E01185,Plants,6.2177696577
A0A0E9N6G9,marts_E01083,Protists,6.2047955518
A0A1Q7PF01,marts_E01185,Plants,6.1829598583
A0AAU8JIN3,marts_E01521,Bacteria,6.1727449743
A0A6A5S6V9,marts_E01521,Bacteria,6.168096111500001
A0A928ZSM8,marts_E01521,Bacteria,6.157409374
A0A1F4ZVF3,marts_E01212,Protists,6.1436115355
A0A1F5YUD2,marts_E01521,Bacteria,6.129531671499999
A0A2M7TSD8,marts_E01212,Protists,6.1286400232
A0A8J2JNM3,marts_E01083,Protists,6.1124216747
A0A7C5LAW0,marts_E01521,Bacteria,6.095677503400001
A0A0G0MXU4,marts_E00941,Bacteria,6.0903572587
A0A842M0P2,marts_E01521,Bacteria,6.0810931359
A0A956QCW0,marts_E01521,Bacteria,6.0802431755
A0A8J7Y590,marts_E01521,Bacteria,6.0793712131
A0A8J8BUX3,marts_E01521,Bacteria,6.0726738115
A0A2G4GKA0,marts_E01521,Bacteria,6.0669780628000005
A0A8J2KUV5,marts_E01083,Protists,6.054830853
A0A2V5MR06,marts_E01521,Bacteria,6.0177278974
A0A8H3URY3,marts_E01521,Bacteria,6.0132711736
A0A7J4LEE8,marts_E01521,Bacteria,6.005945415099999
A0A6N7P0V2,marts_E01521,Bacteria,5.9812978826
A0A9P9WHT8,marts_E01521,Bacteria,5.9744403446
A0A7Y2ADC3,marts_E01521,Bacteria,5.9548642778000005
A0A386HQ99,marts_E01521,Bacteria,5.9436841893
A0A975BBU3,marts_E00183,Plants,5.9345858832000005
A0A8J8BX03,marts_E01521,Bacteria,5.9334325118
A0A8J8BWA7,marts_E01521,Bacteria,5.9174657165
W0F343,marts_E01521,Bacteria,5.916901279999999
A0A2S6C3T5,marts_E00338,Bacteria,5.914709712700001
A0A8J8BXU5,marts_E01521,Bacteria,5.9085710858
A0A2R7Y1V9,marts_E01521,Bacteria,5.9053383068
A0A2G5HRD5,marts_E00338,Bacteria,5.9005708745
A0A8J7XS31,marts_E01521,Bacteria,5.8954053547
A0A151EZ24,marts_E01521,Bacteria,5.8915283007
A0A017T707,marts_E01274,Fungi,5.8903717779
A0A151FBT9,marts_E01521,Bacteria,5.8760997751
A0A8J8BXY4,marts_E01521,Bacteria,5.8677006810000005
A0A1Q7D4L9,marts_E00592,Bacteria,5.8639077325999995
A0A151F9U9,marts_E01521,Bacteria,5.8595637037
A0A8J7Y4N4,marts_E01521,Bacteria,5.8552075383
A0A522REQ7,marts_E01521,Bacteria,5.8540750219
A0A7C4WRA2,marts_E01521,Bacteria,5.8472820387
A0A975S9G4,marts_E01521,Bacteria,5.8332347890000005
A0A520KY90,marts_E01521,Bacteria,5.8123949884999995
A0A8T5AP45,marts_E01521,Bacteria,5.812075419
A0A0G0L667,marts_E01521,Bacteria,5.8110268588
A0A917J202,marts_E01521,Bacteria,5.8082924291
A0A0B5I449,marts_E01494,Bacteria,5.801834138
A0A522STR5,marts_E01521,Bacteria,5.7989348714
A0A7J3XKB6,marts_E01521,Bacteria,5.7823814925
A0A2D0NAH2,marts_E01521,Bacteria,5.782348689699999
A0A931BWY3,marts_E01083,Protists,5.775672547099999
A0A564Q8U0,marts_E01521,Bacteria,5.7738330693
A0A0T0M2L0,marts_E01521,Bacteria,5.7697831478
A0A7Y3FB38,marts_E01521,Bacteria,5.766005409
A0A3C0RCR6,marts_E01521,Bacteria,5.7602431479
A0A291QRE4,marts_E01521,Bacteria,5.7531729545
A0A1F7IFX6,marts_E01521,Bacteria,5.752829311999999
A0AAJ5WVI2,marts_E01521,Bacteria,5.7525698025
A0A522WYX2,marts_E01521,Bacteria,5.744945991599999
A0A7V9LBC5,marts_E01521,Bacteria,5.7314744977
A0A8J6R3N3,marts_E01494,Bacteria,5.715773843900001
A0A173MFZ3,marts_E01521,Bacteria,5.714972232199999
A0A9J7BSY3,marts_E01083,Protists,5.7126868367
A0A8T4Z0T6,marts_E01521,Bacteria,5.7126366597
A0A6A7AQY6,marts_E00338,Bacteria,5.7067216927
A0A1H7RZT7,marts_E01521,Bacteria,5.7066660389
A0A8T4BV78,marts_E01521,Bacteria,5.705916504799999
A0A7C3XHT6,marts_E01521,Bacteria,5.7058776777
W9AQ76,marts_E01521,Bacteria,5.698123132299999
A0A3D3CUH9,marts_E01521,Bacteria,5.6950099208000005
A0A7K4IJP5,marts_E01521,Bacteria,5.6836894104
A0A958VN12,marts_E01521,Bacteria,5.6726689491
A0A5B8VCF3,marts_E01521,Bacteria,5.6723281426
G8TA11,marts_E01521,Bacteria,5.6656660847
A0A362XLW9,marts_E01326,Animals,5.665525875
A0A1N5W510,marts_E01274,Fungi,5.660281100200001
A0A5P8WIN9,marts_E01521,Bacteria,5.6532659043999995
A0AAW9S5E9,marts_E01521,Bacteria,5.651591768399999
A0A940KGD8,marts_E01521,Bacteria,5.6500625294999995
A0A2J6I8N4,marts_E01494,Bacteria,5.6485084925
A0A2G6GBF8,marts_E01521,Bacteria,5.6461501986
A0A5E4I9B1,marts_E01187,Plants,5.6409688758000005
A0A6A7AQS4,marts_E00338,Bacteria,5.640001313900001
A0A367PWW1,marts_E01521,Bacteria,5.6344677826
A0A959QGM9,marts_E01521,Bacteria,5.634053659099999
A0A5M8SQJ6,marts_E01083,Protists,5.6256783822
A0A6N2SJE6,marts_E01521,Bacteria,5.620995615
A0A6G8MX44,marts_E01521,Bacteria,5.6188114827
A0A1V9EVX9,marts_E01521,Bacteria,5.616469010099999
A0A846NKI6,marts_E01521,Bacteria,5.6096322846
A0A942RTW0,marts_E01521,Bacteria,5.6093003918
A0A512RJ56,marts_E01521,Bacteria,5.6075227728999995
A0A7J3BDX2,marts_E01521,Bacteria,5.605832257
A0A7Y9PFL2,marts_E01187,Plants,5.6048385716
A0A3R7G8R5,marts_E01521,Bacteria,5.5991528281
A0A959K078,marts_E01521,Bacteria,5.5981940944
A0A562SZW9,marts_E01521,Bacteria,5.5960201077
A0A7Y1V6Q7,marts_E01521,Bacteria,5.576610156599999
A0A1A9I0W5,marts_E01521,Bacteria,5.574202083299999
A0A1J5RY00,marts_E01521,Bacteria,5.5733515146
A0A7Y5NYH3,marts_E00337,Bacteria,5.5674219457
A0A2A2HPD2,marts_E01187,Plants,5.5657898088
A0A1Q3H2G0,marts_E01474,Fungi,5.5621522891
A0A2K8SKL8,marts_E01521,Bacteria,5.557924978899999
A0A1Y2MAW7,marts_E00338,Bacteria,5.5507487597
A0A7C3R9P0,marts_E01326,Animals,5.5491034109
A0A661ZUN7,marts_E01521,Bacteria,5.5472588895
A0A2J6IB45,marts_E01494,Bacteria,5.5403830424
A0A9D6ZFR1,marts_E00337,Bacteria,5.5212498866
A0A5B9P8W3,marts_E01521,Bacteria,5.5209713094
A0A356Z320,marts_E01474,Fungi,5.5047860518
A0A1D2WW63,marts_E01187,Plants,5.5032548516
A0A9D2NEH7,marts_E01083,Protists,5.5014479366
A0A0G3CG10,marts_E01187,Plants,5.4999030374
A0A349DJ65,marts_E01474,Fungi,5.4992030345
A0A931GYL4,marts_E01521,Bacteria,5.498685743999999
A0A8H6Y0L0,marts_E00338,Bacteria,5.4985321429
A0A7X8J093,marts_E01083,Protists,5.4967880168
A0A2J6I229,marts_E01474,Fungi,5.494162526
A0A2N9L3F3,marts_E01083,Protists,5.4923670652
A0A2V8N7Z9,marts_E01187,Plants,5.4923378057
A0A534IKH2,marts_E01185,Plants,5.4838395532
A0A0E3PBJ9,marts_E01187,Plants,5.4808533385
A0AA43BU68,marts_E00337,Bacteria,5.4772507786
A0A8H6XMQ1,marts_E00338,Bacteria,5.475999658400001
A0A8J8FHC4,marts_E01521,Bacteria,5.4696039353
A0A5B8VEX1,marts_E01521,Bacteria,5.4618691592
A0A1M7XWY2,marts_E01083,Protists,5.457440886900001
A0A2M8JTI2,marts_E01521,Bacteria,5.4559096073
A0A1G2FN63,marts_E01521,Bacteria,5.4509110107
D3H588,marts_E01494,Bacteria,5.4507004294
A0A954T1V2,marts_E01521,Bacteria,5.4449248254
A0A1F9ZDK8,marts_E01185,Plants,5.4437652456
A0AAU7DNA2,marts_E01083,Protists,5.4437436609
A0A847PSM8,marts_E01187,Plants,5.4400735536000004
A0A7Y1VX50,marts_E01521,Bacteria,5.439541898
A0A936Y4V4,marts_E01521,Bacteria,5.439010488599999
A0A534K398,marts_E01185,Plants,5.4381486063
A0A743SPB3,marts_E01494,Bacteria,5.4373512831
A0A9Q9EML8,marts_E00338,Bacteria,5.4348811369
A0A9Q8P973,marts_E00338,Bacteria,5.4312275399
A0A1F7WVI2,marts_E01212,Protists,5.429142156999999
A0A832TC90,marts_E01521,Bacteria,5.4276173257
A0A7I8DJZ2,marts_E01083,Protists,5.4270552978
A0A3N4M9R3,marts_E01521,Bacteria,5.4256792405
A0A2V8RDL1,marts_E01187,Plants,5.419578745300001
A0A9D7TT80,marts_E01521,Bacteria,5.4141541493
A0A534IZH1,marts_E01185,Plants,5.4133674747
A0A814GTZ8,marts_E01083,Protists,5.4114917901999995
A0A497AMF9,marts_E01521,Bacteria,5.410251519499999
A0A534J6E9,marts_E01185,Plants,5.4102016155
A0A4P5TC99,marts_E01521,Bacteria,5.4087870035000005
A0A9P9S7F1,marts_E00338,Bacteria,5.4071354236
A0A7C7AGT6,marts_E00183,Plants,5.4057003079
A0A1H7JSW9,marts_E01083,Protists,5.4049949178
A0A814WG20,marts_E01083,Protists,5.4037746815
A0A1L9BGH8,marts_E00592,Bacteria,5.4034746989
A0A3Q9FK52,marts_E01521,Bacteria,5.4024318692
A0A964YJW6,marts_E01521,Bacteria,5.4000804550999995
A0A1G9F1C6,marts_E01083,Protists,5.3970166531
A0A2E4EFW8,marts_E01521,Bacteria,5.3950956149
A0A949XT10,marts_E01083,Protists,5.3947471396
A0A1I1JAY4,marts_E01083,Protists,5.3926171845
A0A0G2FYU1,marts_E00338,Bacteria,5.3890180817
A0A815MC16,marts_E01521,Bacteria,5.388998873799999
A0A8H6XAF3,marts_E00338,Bacteria,5.388954781000001
A0A0E3SH12,marts_E01187,Plants,5.385842594800001
A0A969X7L7,marts_E01083,Protists,5.3770075467
A0A819RVC0,marts_E01083,Protists,5.3757130363000005
A0A822C085,marts_E01083,Protists,5.374675014
A0A7Y3BS44,marts_E00337,Bacteria,5.3703537285
A0A9Q0AIE4,marts_E00338,Bacteria,5.369617444
A0A1F9ZFB0,marts_E01185,Plants,5.3695068166
A0A949XP54,marts_E01083,Protists,5.3688347038
A0A959B1V6,marts_E01474,Fungi,5.3686049551
A0A0E3SJJ9,marts_E01187,Plants,5.3601832254
J3PEC2,marts_E00338,Bacteria,5.3568642222000005
A0A7W0G5X8,marts_E01187,Plants,5.3568360120000005
A0A959GUC4,marts_E01474,Fungi,5.3474758362
A0A818BBL0,marts_E01083,Protists,5.3454714957
A0A5B8YLB8,marts_E01521,Bacteria,5.344547522399999
A0A4U3L267,marts_E01521,Bacteria,5.3445454703
F9XLZ9,marts_E00338,Bacteria,5.33730656
A0A2V8RAG5,marts_E01187,Plants,5.3372318828
A0A1B8GS38,marts_E00338,Bacteria,5.3329677271
A0A661PDB7,marts_E00337,Bacteria,5.3304475088
A0A8X8WPB2,marts_E00941,Bacteria,5.329868081999999
A0A949XRL7,marts_E01083,Protists,5.3268462612
A0A1M6PLQ2,marts_E01083,Protists,5.3263595405
A9NHI0,marts_E00183,Plants,5.3255877963
A0A061AFM7,marts_E00183,Plants,5.323177896
A0A662XU89,marts_E01364,Bacteria,5.321701705100001
A0AAE3KKH6,marts_E01521,Bacteria,5.316017298399999
A0A6L3ZG46,marts_E01521,Bacteria,5.3130766342
N1QNR1,marts_E00338,Bacteria,5.3126814139
A0A523YJB8,marts_E01185,Plants,5.3126724948
A0A8H6RPV1,marts_E00338,Bacteria,5.3119348217
A0A8H5DNH1,marts_E00338,Bacteria,5.311351542200001
A0A1Q3RNZ9,marts_E01083,Protists,5.3112777979
A0A7W7C8W6,marts_E01521,Bacteria,5.305346157600001
A0A099CWH0,marts_E01364,Bacteria,5.304823774700001
A0A7C9TYM6,marts_E01521,Bacteria,5.3033371149
A0A1S1YV72,marts_E01521,Bacteria,5.3031885624
A0A8J6XS63,marts_E01521,Bacteria,5.3031700957
A0AAW0A2Q2,marts_E00338,Bacteria,5.2991443815
A0A1J5HDL7,marts_E01521,Bacteria,5.2986328975
A0A814RZ73,marts_E01083,Protists,5.297354112700001
H2BU13,marts_E01521,Bacteria,5.2968642912
A0A534LUZ5,marts_E01185,Plants,5.2961287365
A0A1L8PP56,marts_E01083,Protists,5.2960488131
A0A6A7K4J1,marts_E01083,Protists,5.2928908459
A0A1F9FEP5,marts_E00337,Bacteria,5.290878698999999
A0A553GR34,marts_E01521,Bacteria,5.290734522699999
A1ZZ28,marts_E01474,Fungi,5.2903431359
A0AA91GJ74,marts_E01521,Bacteria,5.2897776277999995
A0AAD7EH55,marts_E00338,Bacteria,5.2879329521
A0A1B8C154,marts_E00338,Bacteria,5.2863216565
A0AA48LCX7,marts_E01083,Protists,5.2832564573
A0A534LQN8,marts_E01185,Plants,5.2804455782
A0A559PIF6,marts_E01521,Bacteria,5.2794563122
A0A7J2Y4J3,marts_E01185,Plants,5.2752596215
A0A094CY22,marts_E00338,Bacteria,5.2738847148
A0A2D3UP43,marts_E00338,Bacteria,5.2731730113
A0A434AWH4,marts_E01083,Protists,5.269359968
A0A1D8TTA1,marts_E01521,Bacteria,5.265820955599999
A0A534KA55,marts_E01185,Plants,5.2637704716
A0A495PW84,marts_E01521,Bacteria,5.2635108945999995
A0A7C4XEE9,marts_E01185,Plants,5.2586087174
A0A935RS65,marts_E01521,Bacteria,5.2585266885
A0A4Q7VIN9,marts_E01083,Protists,5.2573047823
A0A9E0F3S1,marts_E01474,Fungi,5.2571079421
W9Z3U4,marts_E00338,Bacteria,5.2570422656
A0A1E2WP66,marts_E01521,Bacteria,5.2567633770999995
A0A9P9WA47,marts_E00338,Bacteria,5.2563673964
A0A8S2RYQ9,marts_E01083,Protists,5.2560597641
A0A534L1E5,marts_E01185,Plants,5.2555294752
A0A2A4N9P5,marts_E01083,Protists,5.255394171200001
A0A1I7GSV9,marts_E01083,Protists,5.2551764997
A0A8T7JT52,marts_E00494,Bacteria,5.254781436
A0A7X6TXB9,marts_E01083,Protists,5.252805982
A0A1H1R5Y9,marts_E01521,Bacteria,5.250589038399999
A0A2V8PUX6,marts_E01187,Plants,5.2476546576
M7T7U2,marts_E00338,Bacteria,5.247202914000001
A0A017T584,marts_E00337,Bacteria,5.2456304788
A0A1F9ZBH2,marts_E01185,Plants,5.2451721335
A0A497DAD9,marts_E01474,Fungi,5.2422912547
A0A1E7GF31,marts_E01187,Plants,5.2415836523
A0A945VCM9,marts_E01521,Bacteria,5.2380490019
A0A0E3NXY0,marts_E01187,Plants,5.233753258
A0A5B7X7V1,marts_E01521,Bacteria,5.2333955547999995
A0A5C6ZP13,marts_E01521,Bacteria,5.2329018183
A0A0F4GE55,marts_E00338,Bacteria,5.2315797129
A0A1B8ETF3,marts_E00338,Bacteria,5.2313116688
A0A4V1XW68,marts_E00338,Bacteria,5.2282406774000005
A0A3E0PZE2,marts_E00337,Bacteria,5.2270791606
A0A820C6Y4,marts_E01083,Protists,5.2254939333
A0A954JLP7,marts_E00337,Bacteria,5.224409731
A0A1Y1CI58,marts_E01083,Protists,5.2225778801
A0A822BDV8,marts_E01083,Protists,5.215205483
A0A8J5NGN9,marts_E00338,Bacteria,5.214743799300001
A0A534JSV4,marts_E01185,Plants,5.2122132002
A0A821N0S2,marts_E01083,Protists,5.210764903299999
A0A9Q8Z963,marts_E00338,Bacteria,5.2107456533
A0A9D6Y9I8,marts_E00289,Bacteria,5.2084863451
A0A7W4EAP4,marts_E01521,Bacteria,5.2081336463
A0A356AZW6,marts_E01083,Protists,5.2039618645
A0A959M8E0,marts_E01521,Bacteria,5.1998821274
A0A094ITP4,marts_E00338,Bacteria,5.1998356387
A0A939H8M3,marts_E01083,Protists,5.199340944599999
A0A2N3HZD0,marts_E01083,Protists,5.1991537418
A0A8T7JU97,marts_E00494,Bacteria,5.196660768899999
A0A2E2XYA0,marts_E01521,Bacteria,5.1922262781
A0A081QBK9,marts_E01521,Bacteria,5.1916762957
A0A1D1ZWE6,marts_E00941,Bacteria,5.1909464668
A0A7M4D2U4,marts_E01083,Protists,5.188279957800001
A0A1H9S2S6,marts_E00338,Bacteria,5.1827056593
A0A2H3FSP9,marts_E00338,Bacteria,5.1816731226999995
A0A1F7WH91,marts_E01521,Bacteria,5.1804089123
A0A3B9I7W2,marts_E01083,Protists,5.1767053784
A0A017T4P0,marts_E00337,Bacteria,5.1749703916
A0A7T7KTS5,marts_E00338,Bacteria,5.1739578735
A0A4Q1JN77,marts_E01083,Protists,5.1737921143
M2TYD8,marts_E00338,Bacteria,5.172026366100001
A0A087SRI6,marts_E00941,Bacteria,5.1691241573
A0A2N2VT92,marts_E01521,Bacteria,5.166087041999999
A0AAV9MWT3,marts_E00338,Bacteria,5.1635876831
U2EKI4,marts_E01083,Protists,5.163219402500001
A0A9P9XTS2,marts_E00338,Bacteria,5.1591489653
A0A929GIQ9,marts_E01521,Bacteria,5.1588853905
A0A938QXH5,marts_E00337,Bacteria,5.1583863076
A0A073CFE2,marts_E01521,Bacteria,5.1563628364
A0A366I6D9,marts_E01083,Protists,5.1547238098
A0AA40BZY6,marts_E00338,Bacteria,5.154628088900001
A0A7J4S7F3,marts_E01185,Plants,5.154139488
A0A4T0VRS3,marts_E00338,Bacteria,5.1508814486
Q185E6,marts_E01083,Protists,5.149336987
A0A6G1L843,marts_E00338,Bacteria,5.1486637871
A0A936UWD6,marts_E01521,Bacteria,5.145676506099999
A0AA39TW75,marts_E00338,Bacteria,5.1446575306
A0A7R7ZXS0,marts_E00338,Bacteria,5.1443879261
A0A2J6IIN5,marts_E01521,Bacteria,5.1440304304
A0A954M883,marts_E00337,Bacteria,5.1430043861999994
A0A9Q8PJV8,marts_E00338,Bacteria,5.142750807300001
A0A819NSV9,marts_E01083,Protists,5.1425812346
A0A819R3I3,marts_E01083,Protists,5.1393343837
A0A1F3MAV2,marts_E01521,Bacteria,5.1389975983
A0A2T2N309,marts_E00338,Bacteria,5.137050629200001
A0A814RZ67,marts_E01083,Protists,5.1366712205
A0A7C6JYH5,marts_E01083,Protists,5.1358518997000004
A0A6A6VZ19,marts_E00338,Bacteria,5.134642661600001
A0A951F388,marts_E01083,Protists,5.134388294500001
A0A1L9NF15,marts_E00338,Bacteria,5.1330377333
A0A972IDB8,marts_E01083,Protists,5.1320884314
A0A7C6IYL6,marts_E01083,Protists,5.1318357459
A0A819LIG3,marts_E01083,Protists,5.1292095413
A0AAD6ZEU8,marts_E00338,Bacteria,5.1277681511
A0A1G0AEZ5,marts_E01185,Plants,5.1254489305
A0A2L0F576,marts_E00337,Bacteria,5.1254297237
A0A9W7T0T2,marts_E00338,Bacteria,5.1234774307
A0A814XX28,marts_E01083,Protists,5.1215330534
A0A9P9DM28,marts_E00338,Bacteria,5.1203682681
A0A813XYE2,marts_E01083,Protists,5.1153354922
A0A661YZJ7,marts_E01521,Bacteria,5.1149112846
A0A4U0TN37,marts_E00338,Bacteria,5.114773308
A0A0G0T4X3,marts_E01521,Bacteria,5.1142314311
A0A954SEM1,marts_E00337,Bacteria,5.1139445766
A0A815GG47,marts_E01083,Protists,5.113066755
A0A814VJ14,marts_E01083,Protists,5.111174587900001
A0A1J5DPI2,marts_E00337,Bacteria,5.1065761576
A0A1I7M278,marts_E01274,Fungi,5.1056742665
A0A9P7ZFL0,marts_E00338,Bacteria,5.105586560100001
A0A074Y838,marts_E00338,Bacteria,5.1039480347
A0A8J5FHF1,marts_E00941,Bacteria,5.1026475085
A0A2V3ZTC0,marts_E01083,Protists,5.0988356951
A0A1L9MSP5,marts_E00338,Bacteria,5.0980459805
A0A9D4Z019,marts_E00941,Bacteria,5.098009071
A0AAD7AEK1,marts_E00338,Bacteria,5.0975019959
R0IDG4,marts_E00338,Bacteria,5.0972801569
A0A950YB40,marts_E01083,Protists,5.096936614600001
G3XWQ6,marts_E00338,Bacteria,5.0948605252
A0A6A6D2H1,marts_E00338,Bacteria,5.0939331464999995
N1PCM6,marts_E00338,Bacteria,5.089960357100001
A0A3D5NSC3,marts_E01083,Protists,5.0882701248
A0A818CZ14,marts_E01083,Protists,5.0845955405000005
A0A8H6LNZ7,marts_E00338,Bacteria,5.0828408051
A0A942S641,marts_E01521,Bacteria,5.0820386007
A0A3M7MFL5,marts_E00338,Bacteria,5.0797836474
A0A662BZ16,marts_E01521,Bacteria,5.0778198041
A0A0J9W9X8,marts_E00338,Bacteria,5.0756925682
A0A9P5HP58,marts_E00338,Bacteria,5.0721465527
A0A318YY84,marts_E00338,Bacteria,5.0705527618
B2WQ91,marts_E00338,Bacteria,5.0698163479
A0A6L5E332,marts_E01083,Protists,5.068227265099999
A0AAN8MK86,marts_E00338,Bacteria,5.0670322596
V7I827,marts_E01083,Protists,5.0666816979
A0A6G1LWV5,marts_E00338,Bacteria,5.0654651715
A0AAE0NUQ2,marts_E00338,Bacteria,5.0646970788
A0A935Z7R4,marts_E00337,Bacteria,5.064638645
A0A3D6CGS2,marts_E01521,Bacteria,5.0628234932
A0A1F6VNW7,marts_E01521,Bacteria,5.0599294332
A0A2S7PPE1,marts_E00338,Bacteria,5.0579671916
A0A1V4IR00,marts_E01083,Protists,5.0579214691
A0AAV9W0Y7,marts_E00338,Bacteria,5.0572578102
A0A177D3H5,marts_E00338,Bacteria,5.0561806314
A0A2S7P8J3,marts_E00338,Bacteria,5.055994070300001
A9F9T5,marts_E00494,Bacteria,5.055064366
A0AA43XJG0,marts_E01083,Protists,5.0542555883
A0A255IDD0,marts_E01083,Protists,5.0536170968
A0A1F5G6X2,marts_E01521,Bacteria,5.0524681392
E3S8Z3,marts_E00338,Bacteria,5.0521188952
A0A0K1EM95,marts_E00337,Bacteria,5.0500329089
A0A2H0W7N1,marts_E00592,Bacteria,5.049706647000001
A0A150FV05,marts_E00941,Bacteria,5.0491160289999995
A0A0G0PZ33,marts_E01494,Bacteria,5.0483380786000005
M2U421,marts_E00338,Bacteria,5.047102107800001
A0A022QUN2,marts_E00941,Bacteria,5.0431417903
A0A8J5WT62,marts_E00941,Bacteria,5.0416879285
A0AAD4KG93,marts_E00338,Bacteria,5.0406508164
A0A922ND47,marts_E00338,Bacteria,5.037942233600001
A0A2D5UJS3,marts_E01521,Bacteria,5.034419252299999
M8ALX3,marts_E00941,Bacteria,5.0287115442
A0A1I0RY35,marts_E01083,Protists,5.025089320199999
A0A8T7FCQ4,marts_E00494,Bacteria,5.0243515068
A0A959R5N9,marts_E01521,Bacteria,5.0241007463
A0AAD7CWW9,marts_E00338,Bacteria,5.0227497743
A0AAD7DJC7,marts_E00338,Bacteria,5.0209764173
A0A2V1BR27,marts_E00338,Bacteria,5.0183455599
A0A3N5RP24,marts_E00494,Bacteria,5.0170190076
A0A4V6DW27,marts_E00338,Bacteria,5.016869591100001
A0A9R1NXD4,marts_E00941,Bacteria,5.016693742299999
A0A8J5FAB0,marts_E00941,Bacteria,5.014500271799999
A0A2Z7CWA3,marts_E00941,Bacteria,5.0115017098
Q01J93,marts_E00941,Bacteria,5.0103745347
A0A955V3R7,marts_E00337,Bacteria,5.0074291349
A0A9W9F2U8,marts_E00338,Bacteria,5.005293526300001
A0A972R8P6,marts_E01521,Bacteria,5.005162630599999
A0AA37LVC8,marts_E00338,Bacteria,5.004808774200001
A0A0D2EX40,marts_E00338,Bacteria,5.004648549100001
A0A7X8MT01,marts_E01083,Protists,5.004528365700001
A0A8H5YKE8,marts_E00338,Bacteria,5.0038698017000005
A0A420P5S4,marts_E00338,Bacteria,5.0010499818
A0A9J6NXH4,marts_E01083,Protists,5.0008221839
A0A1B6BCY8,marts_E01083,Protists,4.9994422384
A0A3B6C7V5,marts_E00941,Bacteria,4.9988571479
A0A4Q1ZYL4,marts_E01083,Protists,4.9977614202
A0A925IT35,marts_E01521,Bacteria,4.996995055399999
A0A453C3G6,marts_E00941,Bacteria,4.9900019275
A0A7Y2HKG6,marts_E01521,Bacteria,4.9896774995
A0A150PSJ5,marts_E00494,Bacteria,4.9884505364
A0A384JQC9,marts_E00338,Bacteria,4.9878541151
A0A8H7X4H8,marts_E00338,Bacteria,4.987614922800001
A0A3N5Y9J9,marts_E01083,Protists,4.9874184719
A0A8J2I6E8,marts_E00338,Bacteria,4.9873039128
A0A6A6F8F9,marts_E00338,Bacteria,4.980082749
A0AAD8TKV9,marts_E00941,Bacteria,4.9789524899
A0A6I9UXZ5,marts_E00941,Bacteria,4.9777062816
Q0V0A0,marts_E00338,Bacteria,4.9767712234
A0A9E0AUL3,marts_E01521,Bacteria,4.9726184252
W9HGE8,marts_E00338,Bacteria,4.9722903919
A0A449BL58,marts_E00183,Plants,4.969802444099999
B6TZQ0,marts_E00941,Bacteria,4.9692664426999995
A9B7K7,marts_E01185,Plants,4.9654093612
B4FH58,marts_E00941,Bacteria,4.9646494859
A0A2G2Y5C5,marts_E00941,Bacteria,4.9593875218
A0A8J7L0E5,marts_E01083,Protists,4.9592297014
E5A7E2,marts_E00338,Bacteria,4.958437503500001
A0A9W8YIN3,marts_E00338,Bacteria,4.958296494500001
A0A935E2H9,marts_E00494,Bacteria,4.9580305569
A0A850PX55,marts_E00337,Bacteria,4.9512642612999995
A0A941CNU5,marts_E01083,Protists,4.9509440489
A0A2S9YEA9,marts_E00337,Bacteria,4.9500721321
F7KLQ2,marts_E01083,Protists,4.949013365899999
A0A7U9MP07,marts_E01083,Protists,4.948850139799999
A0A0G1UC63,marts_E01521,Bacteria,4.9476306487
A0A921UC32,marts_E00941,Bacteria,4.9471874797
A0A517ZF24,marts_E00337,Bacteria,4.9458021728
A0A8S0RED7,marts_E00941,Bacteria,4.944663718899999
A0AAQ3U9W3,marts_E00941,Bacteria,4.9403787941
A0A950RQ96,marts_E00337,Bacteria,4.939678471
A0AAV9WAS7,marts_E00338,Bacteria,4.9377315676
A0A358S6F6,marts_E01083,Protists,4.937074065599999
A0A814NHJ7,marts_E01083,Protists,4.9360181643
A0A8J6ZZQ7,marts_E01521,Bacteria,4.935075146499999
A0A2T7CVP2,marts_E00941,Bacteria,4.9341364786
S3D7Y6,marts_E00338,Bacteria,4.9284537538999995
A0A8X7UD64,marts_E00941,Bacteria,4.9273830539
A0A3E3IX31,marts_E01083,Protists,4.923389245399999
A0A0D3EGH7,marts_E00941,Bacteria,4.9231106517
E3RWS4,marts_E00338,Bacteria,4.9224632742
A0A6P6TAW4,marts_E00941,Bacteria,4.9219022488
A0A975JVR2,marts_E00337,Bacteria,4.921360426
A0A4U7AS88,marts_E00338,Bacteria,4.920712717600001
A0A419W5A6,marts_E01083,Protists,4.918870441799999
A0A9D7TUJ2,marts_E01521,Bacteria,4.917575748999999
A0A7X5EED4,marts_E01083,Protists,4.9166074382
A0AAV5GWM0,marts_E01083,Protists,4.9139126215
A0A8H5D1Z9,marts_E00338,Bacteria,4.9115326631
A0A1D1XHM1,marts_E00941,Bacteria,4.911306565299999
A0A835W3G2,marts_E00941,Bacteria,4.910949305
A0A1S4BPS2,marts_E00941,Bacteria,4.9107590851
A0A3P6CZX7,marts_E00941,Bacteria,4.9096718723
A0A6P6TKP1,marts_E00941,Bacteria,4.9091782105
A0A350YZ16,marts_E01083,Protists,4.9079672209
A0A2P5HR42,marts_E00338,Bacteria,4.9077007385
A0A4Q3UTC5,marts_E00289,Bacteria,4.8993559596
A0A936GUW9,marts_E01521,Bacteria,4.8986484291
A0A9Q0HW57,marts_E00941,Bacteria,4.8981755335
X5DIC3,marts_E01083,Protists,4.8978355493
A0A833RF65,marts_E00941,Bacteria,4.8976786656
A0A399CYD9,marts_E01083,Protists,4.897463729599999
A0A946QSK5,marts_E01083,Protists,4.8968040867
A0A6I6K500,marts_E01083,Protists,4.896668858399999
A0A9D9V8W1,marts_E01521,Bacteria,4.8953276973
A0A0K8R002,marts_E01083,Protists,4.8940611468999995
A0A0C2A690,marts_E00337,Bacteria,4.8937180566
A0A532T2U8,marts_E01083,Protists,4.8932129343
A0A7C1EVZ1,marts_E00494,Bacteria,4.8917123267000004
A0AAD8LH72,marts_E00941,Bacteria,4.8910806331
A0A1M4N6Q5,marts_E01083,Protists,4.8906281358
A0A1M6K7C6,marts_E01083,Protists,4.8895201353
A6GKF9,marts_E00337,Bacteria,4.8877541211999995
A0AAN7Q789,marts_E00941,Bacteria,4.886899211299999
A0A2N2MWN8,marts_E01083,Protists,4.8838500545
A0A6D2IPX7,marts_E00941,Bacteria,4.8838342164999995
A0A956KIH0,marts_E00337,Bacteria,4.8802680228
A0A2K3CQ58,marts_E00941,Bacteria,4.878475627599999
A0AAV1I816,marts_E00941,Bacteria,4.8757480037
A0A835XW50,marts_E00941,Bacteria,4.8756176625
A0A7N0VLE9,marts_E00941,Bacteria,4.8709369598
A0A218VZC7,marts_E00941,Bacteria,4.8699241825
A0AAW1QNW5,marts_E00941,Bacteria,4.8698706659
A0A370TL61,marts_E00338,Bacteria,4.8696241057
A0AA38XE48,marts_E00338,Bacteria,4.8664973311
A0A6P4AXI3,marts_E00941,Bacteria,4.8643095471999995
A0A9W9ICF8,marts_E01083,Protists,4.8634022191
A0A2S9YKT6,marts_E00337,Bacteria,4.8629234376
D9SUK4,marts_E01083,Protists,4.8620562296
A0A835WMA9,marts_E00941,Bacteria,4.8613186772
A0A974XDT1,marts_E01083,Protists,4.8600740096
A0A8H6Y0C5,marts_E00338,Bacteria,4.8592774388
A0AA40VTU3,marts_E01521,Bacteria,4.856315621499999
A0AAF1AVX0,marts_E00941,Bacteria,4.8558060143
A0A918GRN6,marts_E00337,Bacteria,4.851569727999999
A0A5N5Q210,marts_E00338,Bacteria,4.8499371209
A0A949K0E9,marts_E01083,Protists,4.8490730985
F0YXG7,marts_E01083,Protists,4.8481535418
A0A9P9MTS7,marts_E00338,Bacteria,4.8474515434
A0A3D4N910,marts_E01083,Protists,4.846100745599999
A0A925BVS9,marts_E01083,Protists,4.842051383399999
A0A8B8NZF9,marts_E00941,Bacteria,4.8415256983
R9C645,marts_E01083,Protists,4.8402601269
A0A395NWC3,marts_E00338,Bacteria,4.8386702427
A0A059B7H8,marts_E00941,Bacteria,4.838393593499999
A0A345JSW1,marts_E01326,Animals,4.837630536599999
A0A1J7IJ21,marts_E00338,Bacteria,4.8364879567
A0A6J1JA44,marts_E00941,Bacteria,4.830879340799999
A0A194XD21,marts_E00338,Bacteria,4.8306262097
A0A1M5A2J8,marts_E01083,Protists,4.8291795373
A0AAW1YLL9,marts_E00941,Bacteria,4.8289131778
A0A803PE27,marts_E00941,Bacteria,4.8284049112
A0A9X3F2H0,marts_E01083,Protists,4.825810121
A0A6N6RGS7,marts_E01326,Animals,4.824116311699999
A0A7X9JA85,marts_E01083,Protists,4.8231069429
A0A1S3BX98,marts_E00941,Bacteria,4.823081956599999
A0A2P5EZF5,marts_E00941,Bacteria,4.8218075184
A0A937FFW6,marts_E01083,Protists,4.8179121346
A0A1U8K8F7,marts_E00941,Bacteria,4.815804100299999
A0AAX6DJ69,marts_E00941,Bacteria,4.8154672096999995
A0AA38W0J5,marts_E00338,Bacteria,4.814127534800001
A0A2T0BAU4,marts_E01083,Protists,4.8121985093
A0A8H6YYI7,marts_E00338,Bacteria,4.8107513307000005
S8BQM8,marts_E00338,Bacteria,4.8082639544
A0AAE0IWX7,marts_E00338,Bacteria,4.8078839385
Q5NEN5,marts_E01326,Animals,4.807701165799999
K2BT53,marts_E01521,Bacteria,4.806673088
U5F5T7,marts_E01083,Protists,4.8056052882
A0AAE8N6U6,marts_E00338,Bacteria,4.804561745000001
B0U0H2,marts_E01326,Animals,4.803167826199999
A0AA88QVQ5,marts_E00941,Bacteria,4.8029087764
A0A949DZY7,marts_E01326,Animals,4.8028027112
A0A5C6AYT2,marts_E00337,Bacteria,4.8008744278
A0AAJ4TL78,marts_E01326,Animals,4.7992253387999995
A0A2P6RQA3,marts_E00941,Bacteria,4.7985196404999995
A0AAE1C723,marts_E00338,Bacteria,4.7980161196
A0A7Y3A7N7,marts_E01521,Bacteria,4.7953494393
A0A2A5E6Y4,marts_E01521,Bacteria,4.7944329429
A0A7W0J6C2,marts_E01083,Protists,4.7914106744
A0A1M5V3T4,marts_E01083,Protists,4.7903542473
A0A6J1C599,marts_E00941,Bacteria,4.7872337404
A0A3B9ZM74,marts_E01083,Protists,4.784025185899999
A0A8J4LK58,marts_E00941,Bacteria,4.7828094567
A0A975K135,marts_E00337,Bacteria,4.7823824872
A0A4Y7IMZ6,marts_E00941,Bacteria,4.7789725632
A0AAE0I198,marts_E00338,Bacteria,4.776579482200001
V6KA23,marts_E00941,Bacteria,4.773634778
A0AAQ3KH34,marts_E00941,Bacteria,4.7732855900999995
A0A1S3TE60,marts_E00941,Bacteria,4.7723441531
A0A955LDY0,marts_E01083,Protists,4.771796697899999
A0A2Z4Y032,marts_E01326,Animals,4.7714703389999995
A0A3D5YVG1,marts_E01083,Protists,4.771232381299999
A0AAE1C8G3,marts_E00338,Bacteria,4.7706209594
A0A8T4DYH9,marts_E01521,Bacteria,4.7705857395999995
A0AAJ0HKL4,marts_E00338,Bacteria,4.7702195886
A0A5K7SEJ2,marts_E01083,Protists,4.7695979754
A0A1Q7MPH8,marts_E00592,Bacteria,4.766753255699999
A0A7Y3H443,marts_E01521,Bacteria,4.7650867718
A0A843CKU0,marts_E00592,Bacteria,4.7636663457
A0A814MQF4,marts_E01083,Protists,4.763144625199999
A0A804KZY9,marts_E00941,Bacteria,4.761309156699999
E1ID35,marts_E00494,Bacteria,4.7603353281
A0A8S9DVI3,marts_E01083,Protists,4.7595360178
A0A1F6CPF9,marts_E01521,Bacteria,4.75667451
A0AAD5IKK0,marts_E00941,Bacteria,4.756330451
A0A1L4BQQ3,marts_E01326,Animals,4.7556275938
A0AAV9GGH1,marts_E00338,Bacteria,4.7536593522
A0A3D1KX55,marts_E01083,Protists,4.752150096599999
A0A1Q7MFF6,marts_E00592,Bacteria,4.7517652332
V9H8C0,marts_E01083,Protists,4.7512589915
A0A1M6JAJ2,marts_E01083,Protists,4.750966268399999
A0A3C2DA41,marts_E01083,Protists,4.748147895999999
A0A6P4AA35,marts_E00941,Bacteria,4.7471684417999995
A0A931KKL4,marts_E01521,Bacteria,4.7423086103
A0A067KBW5,marts_E00941,Bacteria,4.7417976472
A0AA96TN97,marts_E00338,Bacteria,4.7414173957
A0A6A6KVE3,marts_E00941,Bacteria,4.737920512
A0A7G9GKB4,marts_E01083,Protists,4.737621540599999
A0A6J0ZJ75,marts_E00941,Bacteria,4.7365583837
A0A522HA83,marts_E01364,Bacteria,4.733269308700001
M7TSX6,marts_E00338,Bacteria,4.728919983500001
M5W5C9,marts_E00941,Bacteria,4.7262527834
A0A3D0VQA5,marts_E01083,Protists,4.7261207504
A0A2G6RBG3,marts_E01083,Protists,4.7247570327999995
A0A7L5C9A7,marts_E01326,Animals,4.7243317332
U2NAG0,marts_E01083,Protists,4.717882576999999
A0AAN6V6L2,marts_E00338,Bacteria,4.7174474086
A0A932PI25,marts_E00337,Bacteria,4.7149990426
E2SM51,marts_E01083,Protists,4.7142825146
A0A5C7HTK5,marts_E00941,Bacteria,4.7129491667
A0AAN7BDB6,marts_E00338,Bacteria,4.710630962
N9WMZ7,marts_E01083,Protists,4.7104229457999995
A0A847G166,marts_E01083,Protists,4.7102943056
A0A9X3AL34,marts_E00338,Bacteria,4.7050352209
I1MYQ6,marts_E00941,Bacteria,4.7028556504
A0A970J194,marts_E01083,Protists,4.7023364577999995
A0AAV6C737,marts_E01083,Protists,4.702188630999999
A0A3E2VI69,marts_E01083,Protists,4.7017908914
A0A919SR20,marts_E00338,Bacteria,4.697571314
A0AAV9N2X8,marts_E00338,Bacteria,4.690177822200001
A0A841CJ28,marts_E00941,Bacteria,4.6852909889
A0AAU8HS06,marts_E01083,Protists,4.6826134799
A0A2I4H8Z3,marts_E00941,Bacteria,4.6805324099
A0A9X2VFU4,marts_E00338,Bacteria,4.679884294800001
A0A8H6YUL7,marts_E00338,Bacteria,4.6798116025
A0A534L8I5,marts_E00337,Bacteria,4.6772844592
A0AAN6Y5H7,marts_E00338,Bacteria,4.6718098405
A0A534IYU1,marts_E00337,Bacteria,4.6580133899
A0A2V1E5A8,marts_E00338,Bacteria,4.657294175300001
A0AA39YSI9,marts_E00338,Bacteria,4.654281277
A0A4S3KFQ7,marts_E01364,Bacteria,4.6531441618
A0AAP0N1M1,marts_E00941,Bacteria,4.6527501967
A0A7Y6WR12,marts_E00337,Bacteria,4.649486287
A0A6P5GSG1,marts_E00941,Bacteria,4.6491942589
A0A534JTD5,marts_E00337,Bacteria,4.6474098788
A0A5S9IM99,marts_E01083,Protists,4.6435005015
A0A7X7ZUI5,marts_E01083,Protists,4.642552243799999
A0A6P5ECR0,marts_E00941,Bacteria,4.6417131014
A0AA40DP84,marts_E00338,Bacteria,4.6416929623000005
A0A959Q4D7,marts_E01521,Bacteria,4.6392792772
A0A8K0LW47,marts_E00338,Bacteria,4.6391978636
A0A971DY67,marts_E01083,Protists,4.632779437
A0A7X8R3W7,marts_E01083,Protists,4.6319518529999995
A0A953LBE7,marts_E01212,Protists,4.6302524495
A0A1Q3BMD6,marts_E00941,Bacteria,4.6289353931
A0A1G6U366,marts_E00337,Bacteria,4.628871634699999
A0A0H3DHB6,marts_E00338,Bacteria,4.6286623754
A0A1Q7BAE9,marts_E00592,Bacteria,4.627429407
A0A2Z4W8H9,marts_E01083,Protists,4.6229668057
A0AAV9GAZ4,marts_E00338,Bacteria,4.6228170619
A0A1J0KS35,marts_E01326,Animals,4.620365898299999
A0A3N5KZV7,marts_E01083,Protists,4.617648045199999
A0A2N9M728,marts_E01083,Protists,4.6141834877
A0AA40EFU6,marts_E00338,Bacteria,4.612334150100001
A0AAP0RUW2,marts_E00941,Bacteria,4.6121245496
A0A932LET1,marts_E00337,Bacteria,4.6103551047
A0AA40EJF4,marts_E00338,Bacteria,4.6085348955
A0A097EP79,marts_E01326,Animals,4.6062595172
A0A7M1PZB0,marts_E01083,Protists,4.603549640299999
A0A534M8W2,marts_E00337,Bacteria,4.5983771958999995
I4VYH5,marts_E01364,Bacteria,4.5891268908
A0A9D4ZRB7,marts_E00941,Bacteria,4.5884389441
A0A3N5RJA9,marts_E01083,Protists,4.5881556412
A0A959HPD1,marts_E01521,Bacteria,4.587830365199999
A0AA40A7I0,marts_E00338,Bacteria,4.5877887464
A0A942FAJ3,marts_E01353,Bacteria,4.5867318292
A0A174HC34,marts_E01083,Protists,4.586589241
A0A9Q0GMC1,marts_E00941,Bacteria,4.5793094635
A0A2P5P4R7,marts_E01083,Protists,4.5694437172999995
A0A1C6ANR9,marts_E01083,Protists,4.5680404315
A0A9N9LDX7,marts_E00338,Bacteria,4.5652249168
A0A7Y2G285,marts_E01083,Protists,4.564097072199999
A0A7X7VG90,marts_E01083,Protists,4.5616484285
A0A7Y1YCA1,marts_E01521,Bacteria,4.561133004999999
A0A7X8JFF5,marts_E01083,Protists,4.5528653809
A0A3S3NCK6,marts_E00941,Bacteria,4.549060669699999
A0A355D7Y7,marts_E01083,Protists,4.5393990258
A0A8J5XTU4,marts_E00941,Bacteria,4.535303584199999
A0A7X7AAN1,marts_E01083,Protists,4.5242262315
A0A7C9AK93,marts_E00941,Bacteria,4.5208928346
A0A1Q7YTG4,marts_E00592,Bacteria,4.5123463463
A0A6M0H9I7,marts_E01083,Protists,4.5104891313
A0A7H8R269,marts_E00338,Bacteria,4.5080546717
A0A2J6SXA7,marts_E00338,Bacteria,4.4983848027
A0AAP0EQI6,marts_E00941,Bacteria,4.490666452599999
A0A522H0Y8,marts_E01364,Bacteria,4.489798196500001
A0A1U8BA93,marts_E00941,Bacteria,4.4875584068
A0A1F4RI67,marts_E01083,Protists,4.486785343499999
A0A3B0TUD5,marts_E01083,Protists,4.4855437474999995
A0A1H0QEJ3,marts_E01083,Protists,4.4819607395
A0A537EJD0,marts_E00592,Bacteria,4.4782846982999995
A0A537FJG5,marts_E00592,Bacteria,4.471518848800001
A0A3C2A6P8,marts_E01474,Fungi,4.4704283055
A0A1W1XBH0,marts_E01083,Protists,4.467937322499999
A0A1F5A4P1,marts_E01083,Protists,4.4678431758
A0A925UNE3,marts_E01083,Protists,4.4605949622
A0A0D1Z9P9,marts_E01353,Bacteria,4.4593217995
A0A7Y7E8H2,marts_E00941,Bacteria,4.455134860399999
A0A1M5QYT9,marts_E01083,Protists,4.454985926699999
A0A6N7XY38,marts_E01083,Protists,4.453798966699999
A0A3N9PIU6,marts_E01083,Protists,4.4515233825
A0A388MAX7,marts_E00941,Bacteria,4.436895429
A0A4Z0FUB0,marts_E00941,Bacteria,4.432764929499999
A0A265Q7S0,marts_E01083,Protists,4.425618258
A0AA51R556,marts_E01083,Protists,4.4232125837
A0A972ZSN7,marts_E01083,Protists,4.4219731643
A0A537GEN9,marts_E00592,Bacteria,4.4108546446000005
A0A849E6P4,marts_E01179,Plants,4.4094886859
A0A2N2P0S7,marts_E01083,Protists,4.4042939108
A0A7J5UXX0,marts_E00971,Bacteria,4.3996173121
A0A6I0F856,marts_E01083,Protists,4.3961675726
A0A0L6U2M0,marts_E01083,Protists,4.3761824716
A0A1H8T7Q5,marts_E00337,Bacteria,4.3754198715
A0A7C5MI77,marts_E01083,Protists,4.3725469476
A0A1M4M9K3,marts_E01083,Protists,4.352419940199999
A0A193BV54,marts_E00337,Bacteria,4.352318131
A0A4R7VFQ3,marts_E00337,Bacteria,4.3440789419
A0AAJ2TDP0,marts_E01083,Protists,4.333138916799999
A0A1Q8CXS1,marts_E00337,Bacteria,4.3225881582
A0A3N5S0M5,marts_E01083,Protists,4.3162056694999995
A0A2N2BN85,marts_E01083,Protists,4.315043001099999
A0A2N2CL51,marts_E01083,Protists,4.3129680274
A0A957BUK3,marts_E01185,Plants,4.3000043989000005
A0AAU4S5S7,marts_E00337,Bacteria,4.2939317702999995
A0A3N9NLI0,marts_E01083,Protists,4.2925723823999995
K4RAX2,marts_E00337,Bacteria,4.2923734635
A0A958ZQR5,marts_E01474,Fungi,4.2845997253
A0A2N8MLB9,marts_E00337,Bacteria,4.2836927977
H6LF25,marts_E01083,Protists,4.2832535951
A0A1V6PBT9,marts_E01083,Protists,4.2804596925
A0A7X7WLK7,marts_E01212,Protists,4.2798635982
A0A7Y6MCJ7,marts_E00337,Bacteria,4.278217262
A0A3N5UWI8,marts_E01083,Protists,4.2748710543
A0A7W7CES7,marts_E00337,Bacteria,4.2748010718
A0A481ZCB8,marts_E01521,Bacteria,4.2745245383
A0A5S9IQ85,marts_E01083,Protists,4.2724621332
A0A5R8YPR3,marts_E00337,Bacteria,4.2685751191
A0A7X1MCQ6,marts_E00337,Bacteria,4.2667423857
A0A3B9UNX1,marts_E01083,Protists,4.2655864663
A0A923HZF7,marts_E01083,Protists,4.265579003199999
A0A969XMW3,marts_E01083,Protists,4.264541017499999
A0A1G5FTL3,marts_E01083,Protists,4.2618987426
F0ZD71,marts_E00183,Plants,4.261316186799999
A0A415I5V1,marts_E00739,Protists,4.2585863733
A0A2P0VN22,marts_E00505,Bacteria,4.2580474264
A0A956RW10,marts_E01083,Protists,4.2542349801
S3BGH6,marts_E00183,Plants,4.246675628899999
A0A7W1NXB3,marts_E01185,Plants,4.2423867206
A0A0C1UKD5,marts_E01083,Protists,4.2405985059999995
A0A524HVY6,marts_E01083,Protists,4.2356831668999995
A0A9E6F938,marts_E00739,Protists,4.2316027222
A0A976PSJ7,marts_E01083,Protists,4.2274297687999995
A0A975PI69,marts_E01083,Protists,4.226989099799999
A0A1V5LKI6,marts_E01083,Protists,4.2254987273
A0A8J3RR72,marts_E00337,Bacteria,4.2241827355999995
A0A1G0GBF6,marts_E01083,Protists,4.2223598531
A0A7C6Y0D2,marts_E01083,Protists,4.2198525624
A0A938AS23,marts_E01083,Protists,4.2180443148
A0A951SCP9,marts_E00971,Bacteria,4.1983421636
A0A0F7ZFG5,marts_E00183,Plants,4.195480850699999
A0A0G0TQD0,marts_E00592,Bacteria,4.1873432384000004
A0A932G5R0,marts_E01083,Protists,4.181884839
A8YBZ0,marts_E01179,Plants,4.1816390151
A0AA49GEB9,marts_E01474,Fungi,4.1533528917
A0A2K2FQ38,marts_E01083,Protists,4.1455512641
A0A1F8U9Z9,marts_E01083,Protists,4.1404922758
A0A7W9PG21,marts_E01185,Plants,4.137688502
A0A5B2YZ12,marts_E01274,Fungi,4.1236293608
A0A1E7JMT8,marts_E00337,Bacteria,4.1201917829
A0A484IBD7,marts_E01274,Fungi,4.1173686862
A0A7C1IJG8,marts_E01185,Plants,4.1170442089999995
A0A8J2JCY2,marts_E00952,Bacteria,4.1046259414
A0A2M6Z323,marts_E01083,Protists,4.098458224
A0A161PCZ3,marts_E01083,Protists,4.0967928866
A0A374HYM4,marts_E00739,Protists,4.0756139751
V4J0X8,marts_E01190,Plants,4.0665594971
A0A2G9Z049,marts_E01083,Protists,4.0458065866
A0A0A2SRZ6,marts_E01083,Protists,4.039820225800001
A0A328RF77,marts_E01083,Protists,4.0324389048
A0AAJ1UU37,marts_E01521,Bacteria,4.022402253999999
A0A8J3L562,marts_E01185,Plants,4.0214634888
A0A810NJB3,marts_E01185,Plants,4.0211314756
A0A968NKQ3,marts_E01185,Plants,4.0192776876
A0A7X9DPH4,marts_E01212,Protists,4.019241942
A0AAD9Z2F4,marts_E00903,Bacteria,4.0090677899
A0A958XKH5,marts_E01521,Bacteria,4.0062727703
A0RY54,marts_E01274,Fungi,4.0058010666
A0A8J3L3L5,marts_E01185,Plants,3.9992898607
C4ZEM0,marts_E00739,Protists,3.9863949240000003
A0A150SSY0,marts_E01185,Plants,3.9754350467
A0A654LYS7,marts_E01274,Fungi,3.9673721769
A0A2K5AT03,marts_E01274,Fungi,3.9504362251
A0A4Q5U4B8,marts_E01273,Fungi,3.942875851
A0A1L9S1A3,marts_E01083,Protists,3.9410926244
A0A924WK08,marts_E01521,Bacteria,3.936134847
A0A8J8KK02,marts_E01185,Plants,3.9344468073
A0A3D5AQK0,marts_E01185,Plants,3.9103837096
A0A3M9ZHN5,marts_E01274,Fungi,3.9066082933
A0A9W6S0K0,marts_E01185,Plants,3.9040729063999997
A0A8J3HTY4,marts_E01185,Plants,3.8881176207999997
Q0CJ55,marts_E01190,Plants,3.8601692711
A0AAD4CWX3,marts_E01083,Protists,3.852182879
A0A8T4P733,marts_E01083,Protists,3.836186897
A0A5M3Z5M1,marts_E01190,Plants,3.8340591092
A0A948UI18,marts_E01083,Protists,3.8201375332
A0A1Q9MS14,marts_E01327,Bacteria,3.8089418634000003
A0A3B9T7E3,marts_E00971,Bacteria,3.7930337774
A0A9E3CI23,marts_E00903,Bacteria,3.7606716646000002
A0A849Z9L2,marts_E00903,Bacteria,3.7561553347000003
A0A3N5SBP6,marts_E01274,Fungi,3.7516993822
A0A848WYT6,marts_E01353,Bacteria,3.7505812649
A0A8H3SRK5,marts_E01083,Protists,3.7395861687
A0A9P3BRQ6,marts_E01179,Plants,3.7344069877
A0A533UAR2,marts_E01274,Fungi,3.7338960137
A0A3M1LJT5,marts_E01274,Fungi,3.7292503204
A0A7C1EIM8,marts_E01185,Plants,3.7253783343999998
A0AAJ2ADH1,marts_E00903,Bacteria,3.7217183399000002
A0A959RY73,marts_E01083,Protists,3.7203137066000003
A0A9W4UWX1,marts_E01274,Fungi,3.7078611346
A0A8T7GJ49,marts_E01274,Fungi,3.7075453096
A0A3M9ZVL5,marts_E01274,Fungi,3.7034415
A0A6A7LAR5,marts_E01274,Fungi,3.6993016508
A0A1F7YPZ2,marts_E01170,Fungi,3.690230854
A0A9Q8QK69,marts_E01083,Protists,3.6666127201000003
A0A951JRQ0,marts_E01424,Bacteria,3.6591272904
A0A842Q332,marts_E01274,Fungi,3.6520702064
A0A8T7GBV5,marts_E01274,Fungi,3.6479536865999997
A0A9P6S7A0,marts_E00739,Protists,3.6466210672
A0A2E4JTY2,marts_E01274,Fungi,3.6456600309
A0A6G1YMD5,marts_E01274,Fungi,3.6456107676
A0A7J2YC83,marts_E01274,Fungi,3.638995278
A0A1J5I442,marts_E01424,Bacteria,3.6325589653
A0A197JKB3,marts_E00739,Protists,3.6025829969
A0A2N2EZC9,marts_E01170,Fungi,3.6013134519000003
A0A976CEE7,marts_E01083,Protists,3.5980884669
A0A850SL81,marts_E01274,Fungi,3.5876447813
A0A381YE87,marts_E01274,Fungi,3.5678182068
A0A1Q7NKG2,marts_E01274,Fungi,3.5660117559
A0A1F7R6W9,marts_E00338,Bacteria,3.5566524958
A0A2H1EGH4,marts_E01274,Fungi,3.5546457748
A0A6G9ZD13,marts_E01424,Bacteria,3.5429127985999997
A0A533VI05,marts_E01274,Fungi,3.5370323773
A0A932NYT8,marts_E01131,Plants,3.5357917969
A0A5E4LVG6,marts_E01274,Fungi,3.5355950516999997
A0A8T3WF21,marts_E01083,Protists,3.5280169444
A0A6G2KUC1,marts_E01274,Fungi,3.5214536581
A0A8K0Y4Q5,marts_E01274,Fungi,3.5196789841
A0A7J4CQM8,marts_E01274,Fungi,3.5187531533
A0A843BHE9,marts_E01274,Fungi,3.5173354482
A0A9P5VGI0,marts_E00739,Protists,3.5132782805
A0A1L9MUW0,marts_E01179,Plants,3.5127117012
K0IC41,marts_E01274,Fungi,3.5109310787999997
A9GGD0,marts_E00337,Bacteria,3.5046063486000003
A0A250I8A8,marts_E01314,Fungi,3.5033259046000005
A0A356F5F7,marts_E01353,Bacteria,3.4995238106
A0A846PU88,marts_E01274,Fungi,3.4920918474
A0A381Z6X0,marts_E01274,Fungi,3.4831205811999997
A0A060HJZ5,marts_E01274,Fungi,3.4799801515
V6AU54,marts_E01274,Fungi,3.4791259897
A0A836UVJ4,marts_E01274,Fungi,3.4789037235999998
I3D0E6,marts_E01274,Fungi,3.4782269448
B3T924,marts_E01274,Fungi,3.4743264347
A0A9P6JAU0,marts_E00739,Protists,3.4713568254
A0A075GJ91,marts_E01274,Fungi,3.4687497385999997
A0A3G1B411,marts_E01274,Fungi,3.4630121192
A0A7K4MXE0,marts_E01274,Fungi,3.4626037627999997
A0A7K4P4R8,marts_E01274,Fungi,3.4546096694
F3KKW4,marts_E01274,Fungi,3.4508661728999996
A0A7J4RWA2,marts_E01274,Fungi,3.4497298448
A0A6N9NKM4,marts_E01273,Fungi,3.4463428878999998
A0A6N7Q681,marts_E00337,Bacteria,3.4449250167
A0A9X3XDJ5,marts_E00337,Bacteria,3.4431657349
A0A395HAY6,marts_E01179,Plants,3.4365462654000005
A0A4P5YQV8,marts_E01274,Fungi,3.4349154806
A0A533U7B7,marts_E01274,Fungi,3.4327906155
A0AAE0LFW0,marts_E00183,Plants,3.4323754857999997
A0AAE0LGC9,marts_E00183,Plants,3.4323754857999997
A0A6B1FFX1,marts_E01274,Fungi,3.4312243186
A0A1S2P6Y4,marts_E01424,Bacteria,3.4284142985
A0A836BK38,marts_E01274,Fungi,3.4273966876
A0A5N6U9K3,marts_E01179,Plants,3.425543241
A0A835X289,marts_E01274,Fungi,3.4127187699999997
A0A7D5M834,marts_E01274,Fungi,3.4102403318
A0A7X1HL02,marts_E01318,Bacteria,3.4099848907
A0A0G0MEM1,marts_E01468,Fungi,3.4094948024000002
A0A835SIX7,marts_E01274,Fungi,3.4066757214
A0A7J6Q3Q9,marts_E00289,Bacteria,3.4037603089
A0A0C5BQ82,marts_E01274,Fungi,3.4031450299
A0A397WA44,marts_E00739,Protists,3.3987032685
A0A819J962,marts_E00501,Fungi,3.3967575835000003
A0A835XJI8,marts_E01274,Fungi,3.3932247110000002
A0A835WYY6,marts_E01274,Fungi,3.3921198674
A0A9X4BJD0,marts_E01235,Fungi,3.3813000541
A0A1R3RGK6,marts_E01179,Plants,3.3803644970000004
A0A317WYD1,marts_E01179,Plants,3.37894518
A0A397TYN6,marts_E00739,Protists,3.3739253876
A0A835X7M5,marts_E01274,Fungi,3.3618926452
A0A4U1IQM3,marts_E00337,Bacteria,3.3609176818
A0A0T5ZFU2,marts_E01274,Fungi,3.3547679823
A0A2E1W7X2,marts_E00971,Bacteria,3.3546703255
A0A135LUB0,marts_E01179,Plants,3.3526638438000003
A0A958EA20,marts_E00505,Bacteria,3.3517256207
A0A370LK89,marts_E01274,Fungi,3.3470526165
A0A9P5SNK6,marts_E01362,Bacteria,3.3409745928
A0A5N6TY51,marts_E01179,Plants,3.3351696984
A0A4Q4V082,marts_E01179,Plants,3.3210760946000004
A0A2E6SYZ7,marts_E00971,Bacteria,3.3037565453999997
A0A7K2YD55,marts_E01179,Plants,3.3033152332
A0A0G4EYS2,marts_E01235,Fungi,3.2934615792999997
U7VBE1,marts_E01318,Bacteria,3.2673335655
A0A2E0MFC0,marts_E00971,Bacteria,3.2568120649
A0AAJ2ZF31,marts_E00338,Bacteria,3.2480884974000004
A0A4R3H127,marts_E00505,Bacteria,3.2032967198
A0A318CV38,marts_E00505,Bacteria,3.1980990483999996
A0A9P5UL05,marts_E00183,Plants,3.1972911552000003
A0A5B9W5B9,marts_E01235,Fungi,3.1897284404999997
A0A1Y2ET84,marts_E00475,Animals,3.178991581
A0A5B0GM78,marts_E00505,Bacteria,3.1684503648
A0A1H8MBQ2,marts_E00505,Bacteria,3.1480962672999997
L1P1Y9,marts_E01537,Bacteria,3.1310880946
A0A2I8DM01,marts_E01424,Bacteria,3.1285314686
A0A961I768,marts_E01157,Fungi,3.1192611228000002
A0A815AY39,marts_E00501,Fungi,3.1049242778000004
A0A4P9A3L2,marts_E00592,Bacteria,3.0860689424
A0A3N1HZA8,marts_E00337,Bacteria,3.0791440874
A0A2H4UTS0,marts_E01494,Bacteria,3.053368599
A0A151F1W1,marts_E01328,Bacteria,2.9953033715
A0A0G1B358,marts_E00183,Plants,2.9586872259
A0A976X9Y4,marts_E00289,Bacteria,2.9019073873
A0A2Z2NUP9,marts_E00592,Bacteria,2.8622539401
A0A7Y5SYI5,marts_E00879,Fungi,2.8614464357
A0A137NY97,marts_E01362,Bacteria,2.847674208
A0A955PXD4,marts_E00505,Bacteria,2.8323257
A0A955L6M0,marts_E01327,Bacteria,2.8208189915000004
A0A1G3AME6,marts_E01328,Bacteria,2.8149778768
A0A0G1HL56,marts_E00338,Bacteria,2.760944023
A0A1V5TWY6,marts_E01169,Bacteria,2.7387798315999996
A0A550GSS6,marts_E01169,Bacteria,2.7124920703999997
A0A8T3NCP5,marts_E00592,Bacteria,2.6893523091000002
A0A8G0PW25,marts_E01459,Fungi,2.6850228196
A0A1H7WJN1,marts_E00337,Bacteria,2.6176525446000003
A0A429I1W2,marts_E00904,Bacteria,2.5856994648000002
A0A4R4RME5,marts_E00879,Fungi,2.5572863578000002
A0A317WJU0,marts_E01157,Fungi,2.5498962201000004
A0A8J7XT75,marts_E01494,Bacteria,2.4781872036
A0A9N9KSZ4,marts_E01157,Fungi,2.4687977065
A0A6A6V2U8,marts_E01157,Fungi,2.4594151776
A0A440IVB6,marts_E00904,Bacteria,2.4416411943
A0A563CU41,marts_E00569,Bacteria,2.4206422603
A0A5J4K583,marts_E00904,Bacteria,2.4152403655
A0A653G212,marts_E01353,Bacteria,2.4099091809999997
A0A955KX52,marts_E01170,Fungi,2.4075978203000004
A0A9E1QB38,marts_E01474,Fungi,2.4056734763
H1YX77,marts_E01116,Fungi,2.3513362119
A0A2V1D3A7,marts_E01157,Fungi,2.3443557677
A0A2N2XK15,marts_E01442,Fungi,2.2403190696
A0A7W7FT56,marts_E00941,Bacteria,2.2223889808
A0A317VCP2,marts_E01157,Fungi,2.2197492182
A0AAD4D271,marts_E01116,Fungi,2.1592408222
A0A1Y2V2U5,marts_E00919,Fungi,2.1250579596
A0A955RKV0,marts_E00501,Fungi,2.1238161093
A0A226DI62,marts_E01190,Plants,2.1165509785
A0A950ILY3,marts_E00505,Bacteria,2.1095402588
A0A2C5Z2E7,marts_E01157,Fungi,2.0791070332
A0A450SFA8,marts_E01192,Bacteria,2.0712301915
A0A8S4GHC7,marts_E01422,Bacteria,2.0273320749
A0A1H7WIY8,marts_E00903,Bacteria,1.9874888283
A0A0F2T6J0,marts_E00716,Bacteria,1.9767914961000002
A0A4Z0ZC59,marts_E01157,Fungi,1.9468662363
A0A3M1CV91,marts_E00795,Bacteria,1.9106915214
A0A1Q5KBG0,marts_E00903,Bacteria,1.8955673997
A0A6A6DX92,marts_E01157,Fungi,1.8873386047
B5H2T1,marts_E00972,Bacteria,1.8776629141999999
A0AAV9NWN9,marts_E01179,Plants,1.85450842
A0A0G2I0Z4,marts_E01157,Fungi,1.8345014473
A0A0G2HTT8,marts_E00919,Fungi,1.8305909853
A0A930UR48,marts_E01352,Bacteria,1.8086003056
A0A6A6DZV1,marts_E01157,Fungi,1.7436110391000001
A0A4Z1HPE7,marts_E01157,Fungi,1.6854638208
A0A1L9VTD9,marts_E01157,Fungi,1.6243344464000002
A0AAN7UHU2,marts_E00919,Fungi,1.5933405104
A0A0F7ZGG8,marts_E01157,Fungi,1.5818697775000001
A0A7C8IMP0,marts_E00919,Fungi,1.578191766
M7TBC3,marts_E01157,Fungi,1.5759336412999998
A0A384JQ51,marts_E01157,Fungi,1.5757702716
A0A4Z0Z784,marts_E00919,Fungi,1.5305811449
A0A4Y8CX15,marts_E01157,Fungi,1.5288355114
A0A9X0AUX0,marts_E01157,Fungi,1.528089096
A0A4Q5QV35,marts_E00254,Fungi,1.4635580882
A0A6A5UCJ1,marts_E00919,Fungi,1.2520600909
A0AAN6S9X9,marts_E00919,Fungi,0.9802361197
A0A0G2F937,marts_E00920,Fungi,0.40521558700000004
A0A8J2N6H6,marts_E00997,Fungi,0.3689666578
