leaf_id,source,uniprot,kingdom,marts_id
marts_E00000,martsdb,W6HUT3,Plants,marts_E00000
marts_E00001,martsdb,,Animals,marts_E00001
marts_E00002,martsdb,X5AIS9,Plants,marts_E00002
marts_E00003,martsdb,X5AHD9,Plants,marts_E00003
marts_E00004,martsdb,X5A4D6,Plants,marts_E00004
marts_E00005,martsdb,X5A2Z7,Plants,marts_E00005
marts_E00006,martsdb,X4ZWN5,Plants,marts_E00006
marts_E00007,martsdb,A0A6P6W6H5,Plants,marts_E00007
marts_E00008,martsdb,,Bacteria,marts_E00008
marts_E00009,martsdb,,Bacteria,marts_E00009
marts_E00010,martsdb,,Fungi,marts_E00010
marts_E00012,martsdb,,Animals,marts_E00012
marts_E00013,martsdb,,Animals,marts_E00013
marts_E00014,martsdb,,Animals,marts_E00014
marts_E00015,martsdb,,Animals,marts_E00015
marts_E00016,martsdb,W8QMF8,Plants,marts_E00016
marts_E00017,martsdb,W8QEG7,Plants,marts_E00017
marts_E00018,martsdb,W8NXF3,Plants,marts_E00018
marts_E00019,martsdb,W6QAE7,Fungi,marts_E00019
marts_E00020,martsdb,W6Q4Q9,Fungi,marts_E00020
marts_E00021,martsdb,W4JX79,Fungi,marts_E00021
marts_E00022,martsdb,W0FFD7,Plants,marts_E00022
marts_E00024,martsdb,UTU07507,Plants,marts_E00024
marts_E00025,martsdb,UTU07506,Plants,marts_E00025
marts_E00026,martsdb,,Animals,marts_E00026
marts_E00027,martsdb,,Animals,marts_E00027
marts_E00029,martsdb,U5PZT6,Plants,marts_E00029
marts_E00030,martsdb,U5N1F1,Plants,marts_E00030
marts_E00031,martsdb,U5N0S4,Plants,marts_E00031
marts_E00032,martsdb,U3LW50,Plants,marts_E00032
marts_E00033,martsdb,U3LVZ7,Plants,marts_E00033
marts_E00034,martsdb,U3LVL5,Plants,marts_E00034
marts_E00035,martsdb,U3KYL2,Plants,marts_E00035
marts_E00036,martsdb,,Plants,marts_E00036
marts_E00037,martsdb,,Plants,marts_E00037
marts_E00038,martsdb,,Plants,marts_E00038
marts_E00039,martsdb,,Animals,marts_E00039
marts_E00040,martsdb,,Animals,marts_E00040
marts_E00042,martsdb,T1WGD9,Plants,marts_E00042
marts_E00043,martsdb,T1RRS0,Plants,marts_E00043
marts_E00044,martsdb,T1RRR9,Plants,marts_E00044
marts_E00045,martsdb,T1RRJ6,Plants,marts_E00045
marts_E00046,martsdb,T1RRJ4,Plants,marts_E00046
marts_E00047,martsdb,T1RRI8,Plants,marts_E00047
marts_E00048,martsdb,T1RRI5,Plants,marts_E00048
marts_E00049,martsdb,T1RR72,Plants,marts_E00049
marts_E00050,martsdb,T1RR71,Plants,marts_E00050
marts_E00051,martsdb,,Animals,marts_E00051
marts_E00052,martsdb,,Fungi,marts_E00052
marts_E00053,martsdb,S0EGZ9,Fungi,marts_E00053
marts_E00054,martsdb,S0ECT9,Fungi,marts_E00054
marts_E00055,martsdb,S0EA85,Fungi,marts_E00055
marts_E00057,martsdb,S0DX56,Fungi,marts_E00057
marts_E00058,martsdb,,Animals,marts_E00058
marts_E00059,martsdb,R9WSX5,Plants,marts_E00059
marts_E00060,martsdb,R9W377,Plants,marts_E00060
marts_E00061,martsdb,R9UPX9,Plants,marts_E00061
marts_E00062,martsdb,R9UPX6,Plants,marts_E00062
marts_E00063,martsdb,R9UM72,Plants,marts_E00063
marts_E00064,martsdb,R9QMZ0,Plants,marts_E00064
marts_E00065,martsdb,R9QMY9,Plants,marts_E00065
marts_E00066,martsdb,R9QMY8,Plants,marts_E00066
marts_E00067,martsdb,R9QMW8,Plants,marts_E00067
marts_E00068,martsdb,R9QMW7,Plants,marts_E00068
marts_E00069,martsdb,R9QMW5,Plants,marts_E00069
marts_E00070,martsdb,R9QMW4,Plants,marts_E00070
marts_E00071,martsdb,R9QMW3,Plants,marts_E00071
marts_E00072,martsdb,R9QMW2,Plants,marts_E00072
marts_E00073,martsdb,R9QMW1,Plants,marts_E00073
marts_E00074,martsdb,R9QMR6,Plants,marts_E00074
marts_E00075,martsdb,R9QMR5,Plants,marts_E00075
marts_E00076,martsdb,R9QMR4,Plants,marts_E00076
marts_E00077,martsdb,R9QMR3,Plants,marts_E00077
marts_E00078,martsdb,R9QMR1,Plants,marts_E00078
marts_E00079,martsdb,R9QMR0,Plants,marts_E00079
marts_E00080,martsdb,R9QMQ9,Plants,marts_E00080
marts_E00081,martsdb,R4YZC3,Plants,marts_E00081
marts_E00082,martsdb,R4YXW8,Plants,marts_E00082
marts_E00083,martsdb,R4JQT5,Plants,marts_E00083
marts_E00085,martsdb,R4JQS2,Plants,marts_E00085
marts_E00086,martsdb,R4JND9,Plants,marts_E00086
marts_E00089,martsdb,R4JJJ1,Plants,marts_E00089
marts_E00092,martsdb,R4JGL8,Plants,marts_E00092
marts_E00093,martsdb,R4I3I0,Plants,marts_E00093
marts_E00095,martsdb,A0A7G6J4K0,Plants,marts_E00095
marts_E00096,martsdb,Q9ZUH4,Plants,marts_E00096
marts_E00098,martsdb,Q9ZTN8,Plants,marts_E00098
marts_E00099,martsdb,Q9Y753,Fungi,marts_E00099
marts_E00101,martsdb,Q9XEI0,Plants,marts_E00101
marts_E00102,martsdb,Q9XEH9,Plants,marts_E00102
marts_E00103,martsdb,Q9X839,Bacteria,marts_E00103
marts_E00106,martsdb,Q9UVY5,Fungi,marts_E00106
marts_E00107,martsdb,Q9UR08,Fungi,marts_E00107
marts_E00108,martsdb,Q9T0K1,Plants,marts_E00108
marts_E00109,martsdb,Q9T0J9,Plants,marts_E00109
marts_E00110,martsdb,Q9SYN1,Plants,marts_E00110
marts_E00112,martsdb,Q9SW77,Plants,marts_E00112
marts_E00113,martsdb,Q9SW76,Plants,marts_E00113
marts_E00116,martsdb,Q9SSU5,Plants,marts_E00116
marts_E00117,martsdb,Q9SPN1,Plants,marts_E00117
marts_E00118,martsdb,Q9SPN0,Plants,marts_E00118
marts_E00119,martsdb,Q9SLW3,Plants,marts_E00119
marts_E00120,martsdb,Q9SLW1,Plants,marts_E00120
marts_E00124,martsdb,Q9SDW9,Plants,marts_E00124
marts_E00125,martsdb,Q9SAK2,Plants,marts_E00125
marts_E00128,martsdb,Q9MB42,Plants,marts_E00128
marts_E00129,martsdb,Q9M7D1,Plants,marts_E00129
marts_E00130,martsdb,Q9M7D0,Plants,marts_E00130
marts_E00131,martsdb,Q9M7C9,Plants,marts_E00131
marts_E00132,martsdb,Q9LVY2,Plants,marts_E00132
marts_E00134,martsdb,Q9LUE2,Plants,marts_E00134
marts_E00136,martsdb,Q9LUE0,Plants,marts_E00136
marts_E00138,martsdb,Q9LRZ6,Plants,marts_E00138
marts_E00140,martsdb,Q9LRH8,Plants,marts_E00140
marts_E00141,martsdb,Q9LRH7,Plants,marts_E00141
marts_E00142,martsdb,Q9LLR9,Plants,marts_E00142
marts_E00143,martsdb,Q9LKN1,Plants,marts_E00143
marts_E00147,martsdb,Q9K499,Bacteria,marts_E00147
marts_E00148,martsdb,Q9HGZ6,Fungi,marts_E00148
marts_E00149,martsdb,Q9FZI2,Plants,marts_E00149
marts_E00150,martsdb,Q9FXY7,Plants,marts_E00150
marts_E00151,martsdb,Q9FXV8,Plants,marts_E00151
marts_E00153,martsdb,Q9FV72,Plants,marts_E00153
marts_E00154,martsdb,Q9FUW5,Plants,marts_E00154
marts_E00155,martsdb,Q9FT37,Plants,marts_E00155
marts_E00156,martsdb,Q9FR95,Plants,marts_E00156
marts_E00158,martsdb,Q9FQ27,Plants,marts_E00158
marts_E00159,martsdb,Q9FQ26,Plants,marts_E00159
marts_E00160,martsdb,Q9FJV8,Plants,marts_E00160
marts_E00161,martsdb,Q9FI37,Plants,marts_E00161
marts_E00162,martsdb,Q9F1Y6,Bacteria,marts_E00162
marts_E00165,martsdb,Q9C5M3,Plants,marts_E00165
marts_E00167,martsdb,Q9AXM7,Plants,marts_E00167
marts_E00168,martsdb,Q9AR86,Plants,marts_E00168
marts_E00169,martsdb,Q9AR67,Plants,marts_E00169
marts_E00170,martsdb,Q9AR04,Plants,marts_E00170
marts_E00171,martsdb,Q9AJE4,Bacteria,marts_E00171
marts_E00172,martsdb,Q9AJE3,Bacteria,marts_E00172
marts_E00175,martsdb,Q96WT2,Fungi,marts_E00175
marts_E00176,martsdb,Q96WJ0,Fungi,marts_E00176
marts_E00177,martsdb,Q96376,Plants,marts_E00177
marts_E00178,martsdb,Q94JS8,Plants,marts_E00178
marts_E00180,martsdb,Q94G53,Plants,marts_E00180
marts_E00181,martsdb,Q948Z0,Plants,marts_E00181
marts_E00182,martsdb,Q948R6,Plants,marts_E00182
marts_E00183,martsdb,Q947C4,Plants,marts_E00183
marts_E00185,martsdb,Q940E7,Plants,marts_E00185
marts_E00186,martsdb,Q93YV0,Plants,marts_E00186
marts_E00188,martsdb,Q93X23,Plants,marts_E00188
marts_E00189,martsdb,Q93WU1,Plants,marts_E00189
marts_E00195,martsdb,Q8YN85,Bacteria,marts_E00195
marts_E00197,martsdb,Q8W3Z4,Plants,marts_E00197
marts_E00198,martsdb,Q8W3Z3,Plants,marts_E00198
marts_E00199,martsdb,Q8W3Z2,Plants,marts_E00199
marts_E00200,martsdb,Q8W3Z1,Plants,marts_E00200
marts_E00201,martsdb,Q8W3Z0,Plants,marts_E00201
marts_E00202,martsdb,Q8W1D0,Plants,marts_E00202
marts_E00203,martsdb,Q8VWY4,Plants,marts_E00203
marts_E00204,martsdb,Q8VWY3,Plants,marts_E00204
marts_E00206,martsdb,Q8SA63,Plants,marts_E00206
marts_E00208,martsdb,Q8S3A6,Plants,marts_E00208
marts_E00209,martsdb,Q8S3A5,Plants,marts_E00209
marts_E00210,martsdb,Q8RWT0,Plants,marts_E00210
marts_E00221,martsdb,Q8LSC3,Plants,marts_E00221
marts_E00222,martsdb,Q8LSC2,Plants,marts_E00222
marts_E00223,martsdb,Q8L5K4,Plants,marts_E00223
marts_E00224,martsdb,Q8L5K3,Plants,marts_E00224
marts_E00225,martsdb,Q8L5K2,Plants,marts_E00225
marts_E00226,martsdb,Q8L5K1,Plants,marts_E00226
marts_E00227,martsdb,Q8L5J7,Plants,marts_E00227
marts_E00229,martsdb,Q8H2B4,Plants,marts_E00229
marts_E00230,martsdb,Q8GUE4,Plants,marts_E00230
marts_E00231,martsdb,Q8GSL7,Plants,marts_E00231
marts_E00233,martsdb,Q84ZW8,Plants,marts_E00233
marts_E00234,martsdb,Q84UV0,Plants,marts_E00234
marts_E00235,martsdb,Q84UU9,Plants,marts_E00235
marts_E00236,martsdb,Q84UU4,Plants,marts_E00236
marts_E00237,martsdb,Q84SM8,Plants,marts_E00237
marts_E00238,martsdb,Q84PE3,Plants,marts_E00238
marts_E00239,martsdb,Q84PE1,Plants,marts_E00239
marts_E00240,martsdb,Q84ND0,Plants,marts_E00240
marts_E00241,martsdb,Q84NC9,Plants,marts_E00241
marts_E00242,martsdb,Q84NC8,Plants,marts_E00242
marts_E00244,martsdb,Q84LF2,Plants,marts_E00244
marts_E00245,martsdb,Q84LF1,Plants,marts_E00245
marts_E00246,martsdb,Q84LF0,Plants,marts_E00246
marts_E00247,martsdb,Q84LB2,Plants,marts_E00247
marts_E00248,martsdb,Q84KL6,Plants,marts_E00248
marts_E00249,martsdb,Q84KL5,Plants,marts_E00249
marts_E00250,martsdb,Q84KL4,Plants,marts_E00250
marts_E00251,martsdb,Q84KL3,Plants,marts_E00251
marts_E00252,martsdb,Q82RR7,Bacteria,marts_E00252
marts_E00253,martsdb,Q82IY4,Bacteria,marts_E00253
marts_E00254,martsdb,Q7Z859,Fungi,marts_E00254
marts_E00258,martsdb,Q7XAS7,Plants,marts_E00258
marts_E00259,martsdb,Q7X9A3,Plants,marts_E00259
marts_E00263,martsdb,Q796C3,Bacteria,marts_E00263
marts_E00264,martsdb,Q764T8,Plants,marts_E00264
marts_E00268,martsdb,Q71MJ3,Plants,marts_E00268
marts_E00269,martsdb,Q70EZ7,Plants,marts_E00269
marts_E00270,martsdb,Q70EZ6,Plants,marts_E00270
marts_E00271,martsdb,Q6ZJL3,Plants,marts_E00271
marts_E00272,martsdb,Q6ZH94,Plants,marts_E00272
marts_E00273,martsdb,Q6Z5J6,Plants,marts_E00273
marts_E00274,martsdb,Q6Z5I0,Plants,marts_E00274
marts_E00275,martsdb,Q6Z2X6,Plants,marts_E00275
marts_E00276,martsdb,Q6YN71,Plants,marts_E00276
marts_E00277,martsdb,Q6XDB5,Plants,marts_E00277
marts_E00278,martsdb,Q6WP50,Fungi,marts_E00278
marts_E00279,martsdb,Q6USK1,Plants,marts_E00279
marts_E00282,martsdb,Q6TBY0,Plants,marts_E00282
marts_E00286,martsdb,Q6Q3H3,Plants,marts_E00286
marts_E00287,martsdb,Q6Q3H2,Plants,marts_E00287
marts_E00288,martsdb,Q6PWU2,Plants,marts_E00288
marts_E00289,martsdb,Q6N3F2,Bacteria,marts_E00289
marts_E00290,martsdb,Q6JD73,Plants,marts_E00290
marts_E00291,martsdb,Q6JD70,Plants,marts_E00291
marts_E00302,martsdb,Q6ET36,Plants,marts_E00302
marts_E00303,martsdb,Q6EJ97,Plants,marts_E00303
marts_E00304,martsdb,Q6EI12,Plants,marts_E00304
marts_E00305,martsdb,Q6E7D7,Plants,marts_E00305
marts_E00306,martsdb,Q6BE25,Plants,marts_E00306
marts_E00307,martsdb,Q6BE24,Plants,marts_E00307
marts_E00308,martsdb,Q6BDZ9,Plants,marts_E00308
marts_E00310,martsdb,Q67DX4,Plants,marts_E00310
marts_E00311,martsdb,Q675L6,Plants,marts_E00311
marts_E00312,martsdb,Q675L5,Plants,marts_E00312
marts_E00313,martsdb,Q675L4,Plants,marts_E00313
marts_E00314,martsdb,Q675L3,Plants,marts_E00314
marts_E00315,martsdb,Q675L1,Plants,marts_E00315
marts_E00316,martsdb,Q675L0,Plants,marts_E00316
marts_E00317,martsdb,Q673F9,Plants,marts_E00317
marts_E00319,martsdb,Q672F7,Plants,marts_E00319
marts_E00320,martsdb,Q66QH3,Plants,marts_E00320
marts_E00321,martsdb,Q66PX8,Plants,marts_E00321
marts_E00323,martsdb,Q64K29,Plants,marts_E00323
marts_E00325,martsdb,Q5W283,Plants,marts_E00325
marts_E00326,martsdb,Q5UB07,Plants,marts_E00326
marts_E00327,martsdb,Q5SBP7,Plants,marts_E00327
marts_E00328,martsdb,Q5SBP6,Plants,marts_E00328
marts_E00329,martsdb,Q5SBP5,Plants,marts_E00329
marts_E00330,martsdb,Q5SBP4,Plants,marts_E00330
marts_E00331,martsdb,Q5SBP3,Plants,marts_E00331
marts_E00332,martsdb,Q5SBP2,Plants,marts_E00332
marts_E00333,martsdb,Q5SBP1,Plants,marts_E00333
marts_E00334,martsdb,Q5SBP0,Plants,marts_E00334
marts_E00336,martsdb,Q5MQ85,Plants,marts_E00336
marts_E00337,martsdb,Q5KSN5,Bacteria,marts_E00337
marts_E00338,martsdb,Q5KSN4,Bacteria,marts_E00338
marts_E00340,martsdb,Q5GJ60,Plants,marts_E00340
marts_E00341,martsdb,Q5GJ59,Plants,marts_E00341
marts_E00343,martsdb,Q5CD82,Plants,marts_E00343
marts_E00348,martsdb,Q55D85,Protists,marts_E00348
marts_E00349,martsdb,Q55012,Bacteria,marts_E00349
marts_E00353,martsdb,Q54BE5,Protists,marts_E00353
marts_E00355,martsdb,Q50L36,Plants,marts_E00355
marts_E00356,martsdb,Q50EK2,Plants,marts_E00356
marts_E00357,martsdb,Q4WR16,Fungi,marts_E00357
marts_E00364,martsdb,Q4U3F7,Plants,marts_E00364
marts_E00365,martsdb,Q4U3F6,Plants,marts_E00365
marts_E00366,martsdb,Q4QSN6,Plants,marts_E00366
marts_E00367,martsdb,Q4QSN4,Plants,marts_E00367
marts_E00368,martsdb,Q4QSN3,Plants,marts_E00368
marts_E00369,martsdb,Q4KSH9,Plants,marts_E00369
marts_E00371,martsdb,Q4JHG3,Plants,marts_E00371
marts_E00372,martsdb,Q49SP7,Plants,marts_E00372
marts_E00373,martsdb,Q49SP6,Plants,marts_E00373
marts_E00374,martsdb,Q49SP5,Plants,marts_E00374
marts_E00375,martsdb,Q49SP4,Plants,marts_E00375
marts_E00376,martsdb,Q49SP3,Plants,marts_E00376
marts_E00378,martsdb,Q43714,Plants,marts_E00378
marts_E00382,martsdb,Q41771,Plants,marts_E00382
marts_E00383,martsdb,Q41594,Plants,marts_E00383
marts_E00384,martsdb,Q40577,Plants,marts_E00384
marts_E00385,martsdb,Q40322,Plants,marts_E00385
marts_E00386,martsdb,Q401R6,Plants,marts_E00386
marts_E00391,martsdb,Q39978,Plants,marts_E00391
marts_E00392,martsdb,Q39761,Plants,marts_E00392
marts_E00393,martsdb,Q39760,Plants,marts_E00393
marts_E00394,martsdb,Q39548,Plants,marts_E00394
marts_E00395,martsdb,Q38802,Plants,marts_E00395
marts_E00396,martsdb,Q38710,Plants,marts_E00396
marts_E00397,martsdb,Q32W37,Plants,marts_E00397
marts_E00399,martsdb,Q308N0,Plants,marts_E00399
marts_E00400,martsdb,Q2XSC6,Plants,marts_E00400
marts_E00401,martsdb,Q2XSC5,Plants,marts_E00401
marts_E00402,martsdb,Q2XSC4,Plants,marts_E00402
marts_E00403,martsdb,Q2XPU7,Plants,marts_E00403
marts_E00404,martsdb,Q2XPU6,Plants,marts_E00404
marts_E00405,martsdb,Q2WGL8,Plants,marts_E00405
marts_E00406,martsdb,Q2WGL7,Plants,marts_E00406
marts_E00407,martsdb,Q2WGL6,Plants,marts_E00407
marts_E00408,martsdb,Q2R712,Plants,marts_E00408
marts_E00409,martsdb,Q2QQJ5,Plants,marts_E00409
marts_E00410,martsdb,Q2QLV9,Plants,marts_E00410
marts_E00411,martsdb,Q2NM15,Plants,marts_E00411
marts_E00412,martsdb,Q2FV59,Bacteria,marts_E00412
marts_E00413,martsdb,Q29VN3,Plants,marts_E00413
marts_E00414,martsdb,Q29VN2,Plants,marts_E00414
marts_E00415,martsdb,Q20HU7,Plants,marts_E00415
marts_E00416,martsdb,Q1XBU5,Plants,marts_E00416
marts_E00417,martsdb,Q1XBU4,Plants,marts_E00417
marts_E00418,martsdb,Q1PDD2,Plants,marts_E00418
marts_E00419,martsdb,Q1G1A4,Plants,marts_E00419
marts_E00420,martsdb,Q1ERD3,Plants,marts_E00420
marts_E00421,martsdb,Q1EG72,Plants,marts_E00421
marts_E00422,martsdb,Q1AHB2,Plants,marts_E00422
marts_E00424,martsdb,Q10231,Fungi,marts_E00424
marts_E00425,martsdb,Q0VHD6,Plants,marts_E00425
marts_E00426,martsdb,Q0JF02,Plants,marts_E00426
marts_E00427,martsdb,Q0JEZ8,Plants,marts_E00427
marts_E00428,martsdb,Q0JA82,Plants,marts_E00428
marts_E00429,martsdb,Q0E088,Plants,marts_E00429
marts_E00431,martsdb,Q08IT1,Plants,marts_E00431
marts_E00433,martsdb,Q04782,Fungi,marts_E00433
marts_E00436,martsdb,Q00G37,Plants,marts_E00436
marts_E00439,martsdb,,Animals,marts_E00439
marts_E00440,martsdb,,Animals,marts_E00440
marts_E00444,martsdb,P9WEY7,Protists,marts_E00444
marts_E00445,martsdb,P9WEY4,Protists,marts_E00445
marts_E00449,martsdb,P9WEW2,Fungi,marts_E00449
marts_E00450,martsdb,P9WEW1,Fungi,marts_E00450
marts_E00451,martsdb,P9WEW0,Fungi,marts_E00451
marts_E00452,martsdb,P9WEV7,Fungi,marts_E00452
marts_E00453,martsdb,P9WEV6,Fungi,marts_E00453
marts_E00454,martsdb,P9WEV2,Fungi,marts_E00454
marts_E00456,martsdb,P9WEP0,Fungi,marts_E00456
marts_E00458,martsdb,P93665,Plants,marts_E00458
marts_E00460,martsdb,P84466,Animals,marts_E00460
marts_E00463,martsdb,P59287,Plants,marts_E00463
marts_E00470,martsdb,P54975,Bacteria,marts_E00470
marts_E00473,martsdb,P53800,Plants,marts_E00473
marts_E00474,martsdb,P53799,Plants,marts_E00474
marts_E00475,martsdb,P53798,Animals,marts_E00475
marts_E00476,martsdb,P53797,Plants,marts_E00476
marts_E00482,martsdb,P49085,Plants,marts_E00482
marts_E00483,martsdb,P48450,Animals,marts_E00483
marts_E00484,martsdb,P48449,Animals,marts_E00484
marts_E00487,martsdb,P38605,Plants,marts_E00487
marts_E00488,martsdb,P38604,Fungi,marts_E00488
marts_E00489,martsdb,P37295,Fungi,marts_E00489
marts_E00490,martsdb,P37294,Bacteria,marts_E00490
marts_E00491,martsdb,P37273,Plants,marts_E00491
marts_E00492,martsdb,P37272,Plants,marts_E00492
marts_E00494,martsdb,P37269,Bacteria,marts_E00494
marts_E00496,martsdb,P36596,Fungi,marts_E00496
marts_E00498,martsdb,P33990,Bacteria,marts_E00498
marts_E00499,martsdb,P33247,Bacteria,marts_E00499
marts_E00500,martsdb,P29704,Fungi,marts_E00500
marts_E00501,martsdb,P27679,Fungi,marts_E00501
marts_E00505,martsdb,P21684,Bacteria,marts_E00505
marts_E00506,martsdb,P21683,Bacteria,marts_E00506
marts_E00509,martsdb,P13513,Fungi,marts_E00509
marts_E00510,martsdb,P0DPK6,Bacteria,marts_E00510
marts_E00511,martsdb,P0DL13,Fungi,marts_E00511
marts_E00512,martsdb,P0DI77,Plants,marts_E00512
marts_E00513,martsdb,P0DI76,Plants,marts_E00513
marts_E00515,martsdb,P0CV95,Plants,marts_E00515
marts_E00516,martsdb,P0CV94,Plants,marts_E00516
marts_E00517,martsdb,P0CJ43,Plants,marts_E00517
marts_E00521,martsdb,P0C8Y0,Plants,marts_E00521
marts_E00522,martsdb,P0C565,Plants,marts_E00522
marts_E00526,martsdb,P08196,Plants,marts_E00526
marts_E00530,martsdb,O82141,Plants,marts_E00530
marts_E00531,martsdb,O82140,Plants,marts_E00531
marts_E00532,martsdb,O82139,Plants,marts_E00532
marts_E00534,martsdb,O81193,Plants,marts_E00534
marts_E00535,martsdb,O81192,Plants,marts_E00535
marts_E00536,martsdb,O81191,Plants,marts_E00536
marts_E00537,martsdb,O81086,Plants,marts_E00537
marts_E00538,martsdb,O74165,Fungi,marts_E00538
marts_E00541,martsdb,O65435,Plants,marts_E00541
marts_E00542,martsdb,O65323,Plants,marts_E00542
marts_E00543,martsdb,O64961,Plants,marts_E00543
marts_E00545,martsdb,O64405,Plants,marts_E00545
marts_E00546,martsdb,O64404,Plants,marts_E00546
marts_E00551,martsdb,O50406,Bacteria,marts_E00551
marts_E00553,martsdb,O48935,Plants,marts_E00553
marts_E00554,martsdb,O48666,Plants,marts_E00554
marts_E00555,martsdb,O24475,Plants,marts_E00555
marts_E00556,martsdb,O24474,Plants,marts_E00556
marts_E00559,martsdb,O23945,Plants,marts_E00559
marts_E00560,martsdb,O23909,Plants,marts_E00560
marts_E00561,martsdb,O23390,Plants,marts_E00561
marts_E00562,martsdb,O22340,Plants,marts_E00562
marts_E00566,martsdb,O13284,Fungi,marts_E00566
marts_E00569,martsdb,O06728,Bacteria,marts_E00569
marts_E00572,martsdb,O04806,Plants,marts_E00572
marts_E00573,martsdb,O04408,Plants,marts_E00573
marts_E00575,martsdb,N4V6D4,Fungi,marts_E00575
marts_E00576,martsdb,,Fungi,marts_E00576
marts_E00578,martsdb,M5AW86,Bacteria,marts_E00578
marts_E00579,martsdb,M4HZ33,Plants,marts_E00579
marts_E00580,martsdb,M4HYP3,Plants,marts_E00580
marts_E00581,martsdb,M4HYC8,Plants,marts_E00581
marts_E00582,martsdb,M4HYC6,Plants,marts_E00582
marts_E00583,martsdb,M4HY08,Plants,marts_E00583
marts_E00584,martsdb,M4HY05,Plants,marts_E00584
marts_E00585,martsdb,M4HXW5,Plants,marts_E00585
marts_E00586,martsdb,M4HXU6,Plants,marts_E00586
marts_E00590,martsdb,M2U578,Fungi,marts_E00590
marts_E00591,martsdb,M1VDX3,Bacteria,marts_E00591
marts_E00592,martsdb,M1V9Q0,Bacteria,marts_E00592
marts_E00593,martsdb,,Fungi,marts_E00593
marts_E00594,martsdb,,Fungi,marts_E00594
marts_E00595,martsdb,,Fungi,marts_E00595
marts_E00596,martsdb,,Fungi,marts_E00596
marts_E00597,martsdb,,Fungi,marts_E00597
marts_E00598,martsdb,L7XCQ7,Plants,marts_E00598
marts_E00599,martsdb,L0I7F9,Plants,marts_E00599
marts_E00600,martsdb,L0I517,Plants,marts_E00600
marts_E00601,martsdb,L0HP52,Plants,marts_E00601
marts_E00602,martsdb,L0HLH2,Plants,marts_E00602
marts_E00603,martsdb,L0HB77,Plants,marts_E00603
marts_E00604,martsdb,L0HAM7,Plants,marts_E00604
marts_E00605,martsdb,,Fungi,marts_E00605
marts_E00608,martsdb,K7TKS3,Plants,marts_E00608
marts_E00609,martsdb,K7PRF2,Plants,marts_E00609
marts_E00610,martsdb,K7NBZ9,Plants,marts_E00610
marts_E00611,martsdb,K4LMW2,Plants,marts_E00611
marts_E00612,martsdb,K4L9M2,Plants,marts_E00612
marts_E00613,martsdb,K2SUY0,Fungi,marts_E00613
marts_E00614,martsdb,K0K750,Bacteria,marts_E00614
marts_E00615,martsdb,J9RLZ7,Plants,marts_E00615
marts_E00616,martsdb,J9R5V4,Plants,marts_E00616
marts_E00617,martsdb,J9R388,Plants,marts_E00617
marts_E00618,martsdb,J9R1J8,Plants,marts_E00618
marts_E00619,martsdb,J9QS25,Plants,marts_E00619
marts_E00620,martsdb,J9QS23,Plants,marts_E00620
marts_E00621,martsdb,J7LQ09,Plants,marts_E00621
marts_E00622,martsdb,J7LP58,Plants,marts_E00622
marts_E00623,martsdb,J7LMP2,Plants,marts_E00623
marts_E00624,martsdb,J7LJN5,Plants,marts_E00624
marts_E00625,martsdb,J7LH11,Plants,marts_E00625
marts_E00627,martsdb,J3MQP7,Plants,marts_E00627
marts_E00628,martsdb,,Fungi,marts_E00628
marts_E00629,martsdb,I7H727,Plants,marts_E00629
marts_E00630,martsdb,I7GPX8,Plants,marts_E00630
marts_E00631,martsdb,I6XZ73,Plants,marts_E00631
marts_E00632,martsdb,I6RE61,Plants,marts_E00632
marts_E00633,martsdb,I6RAQ6,Plants,marts_E00633
marts_E00634,martsdb,I6R4V5,Plants,marts_E00634
marts_E00635,martsdb,I6QSN0,Plants,marts_E00635
marts_E00636,martsdb,I6QPS5,Plants,marts_E00636
marts_E00637,martsdb,I3WEV8,Plants,marts_E00637
marts_E00638,martsdb,I2N045,Bacteria,marts_E00638
marts_E00639,martsdb,I2CM69,Plants,marts_E00639
marts_E00640,martsdb,I2CM59,Plants,marts_E00640
marts_E00641,martsdb,B8XA41,Plants,marts_E00641
marts_E00643,martsdb,I1ZHA5,Plants,marts_E00643
marts_E00644,martsdb,I1TE91,Plants,marts_E00644
marts_E00645,martsdb,I1S104,Fungi,marts_E00645
marts_E00647,martsdb,I1M2G5,Plants,marts_E00647
marts_E00648,martsdb,,Animals,marts_E00648
marts_E00649,martsdb,,Animals,marts_E00649
marts_E00650,martsdb,,Animals,marts_E00650
marts_E00651,martsdb,H9L9E5,Plants,marts_E00651
marts_E00653,martsdb,H8ZM73,Plants,marts_E00653
marts_E00654,martsdb,H8ZM71,Plants,marts_E00654
marts_E00655,martsdb,H8ZM70,Plants,marts_E00655
marts_E00656,martsdb,H6WZF2,Plants,marts_E00656
marts_E00657,martsdb,H6VLG5,Plants,marts_E00657
marts_E00658,martsdb,H6VLG0,Plants,marts_E00658
marts_E00659,martsdb,H2VFR7,Bacteria,marts_E00659
marts_E00660,martsdb,H2KWF1,Plants,marts_E00660
marts_E00661,martsdb,H2ELN1,Plants,marts_E00661
marts_E00663,martsdb,G9MAN7,Plants,marts_E00663
marts_E00664,martsdb,G9M5S9,Plants,marts_E00664
marts_E00666,martsdb,G9M5S5,Plants,marts_E00666
marts_E00667,martsdb,A0A9R1DUP4,Plants,marts_E00667
marts_E00668,martsdb,G8H5N2,Plants,marts_E00668
marts_E00669,martsdb,G8H5N1,Plants,marts_E00669
marts_E00670,martsdb,G8H5N0,Plants,marts_E00670
marts_E00671,martsdb,G8H5M9,Plants,marts_E00671
marts_E00672,martsdb,G8H5M8,Plants,marts_E00672
marts_E00673,martsdb,G8H5M7,Plants,marts_E00673
marts_E00674,martsdb,G8GJ96,Plants,marts_E00674
marts_E00675,martsdb,G8GJ95,Plants,marts_E00675
marts_E00676,martsdb,G8GJ94,Plants,marts_E00676
marts_E00679,martsdb,G5CV56,Plants,marts_E00679
marts_E00680,martsdb,G5CV54,Plants,marts_E00680
marts_E00681,martsdb,G5CV52,Plants,marts_E00681
marts_E00682,martsdb,G5CV51,Plants,marts_E00682
marts_E00683,martsdb,G5CV50,Plants,marts_E00683
marts_E00684,martsdb,G5CV48,Plants,marts_E00684
marts_E00685,martsdb,G5CV46,Plants,marts_E00685
marts_E00686,martsdb,G5CV45,Plants,marts_E00686
marts_E00687,martsdb,G5CV44,Plants,marts_E00687
marts_E00688,martsdb,G5CV43,Plants,marts_E00688
marts_E00689,martsdb,G5CV42,Plants,marts_E00689
marts_E00690,martsdb,G5CV40,Plants,marts_E00690
marts_E00691,martsdb,G5CV38,Plants,marts_E00691
marts_E00692,martsdb,G5CV35,Plants,marts_E00692
marts_E00693,martsdb,G3E4M6,Plants,marts_E00693
marts_E00694,martsdb,G3E4M4,Plants,marts_E00694
marts_E00695,martsdb,G3CCC1,Plants,marts_E00695
marts_E00696,martsdb,G3CCC0,Plants,marts_E00696
marts_E00697,martsdb,G2P5T1,Bacteria,marts_E00697
marts_E00698,martsdb,G1JUH5,Plants,marts_E00698
marts_E00699,martsdb,G1JUH4,Plants,marts_E00699
marts_E00700,martsdb,G1JUH1,Plants,marts_E00700
marts_E00701,martsdb,G1DGI7,Plants,marts_E00701
marts_E00702,martsdb,G0Y7D3,Plants,marts_E00702
marts_E00703,martsdb,G0Y7D2,Plants,marts_E00703
marts_E00704,martsdb,G0Y7D1,Plants,marts_E00704
marts_E00705,martsdb,G0Y288,Plants,marts_E00705
marts_E00706,martsdb,G0Y287,Plants,marts_E00706
marts_E00707,martsdb,G0Y286,Plants,marts_E00707
marts_E00712,martsdb,F8WQD0,Plants,marts_E00712
marts_E00713,martsdb,F8UL81,Plants,marts_E00713
marts_E00714,martsdb,F8UL80,Plants,marts_E00714
marts_E00715,martsdb,F8TWC9,Plants,marts_E00715
marts_E00716,martsdb,F8JSS1,Bacteria,marts_E00716
marts_E00717,martsdb,F6M8I0,Plants,marts_E00717
marts_E00719,martsdb,F2XFB2,Plants,marts_E00719
marts_E00720,martsdb,F2XFA8,Plants,marts_E00720
marts_E00721,martsdb,F2XFA6,Plants,marts_E00721
marts_E00722,martsdb,F2XFA5,Plants,marts_E00722
marts_E00723,martsdb,F2XFA4,Plants,marts_E00723
marts_E00724,martsdb,F2XFA2,Plants,marts_E00724
marts_E00725,martsdb,F2XFA1,Plants,marts_E00725
marts_E00726,martsdb,F2XFA0,Plants,marts_E00726
marts_E00727,martsdb,F2XF99,Plants,marts_E00727
marts_E00728,martsdb,F2XF98,Plants,marts_E00728
marts_E00729,martsdb,F2XF97,Plants,marts_E00729
marts_E00730,martsdb,F2XF96,Plants,marts_E00730
marts_E00731,martsdb,F2XF95,Plants,marts_E00731
marts_E00732,martsdb,F2XF94,Plants,marts_E00732
marts_E00733,martsdb,F2XF93,Plants,marts_E00733
marts_E00734,martsdb,F2XF92,Plants,marts_E00734
marts_E00735,martsdb,F1CKJ1,Plants,marts_E00735
marts_E00736,martsdb,F1CKI9,Plants,marts_E00736
marts_E00737,martsdb,F1CKI8,Plants,marts_E00737
marts_E00738,martsdb,F1CKI6,Plants,marts_E00738
marts_E00739,martsdb,F1A1D4,Protists,marts_E00739
marts_E00740,martsdb,F0ZPL2,Protists,marts_E00740
marts_E00741,martsdb,F0ZLU4,Protists,marts_E00741
marts_E00742,martsdb,F0ZL92,Protists,marts_E00742
marts_E00743,martsdb,F0ZK52,Protists,marts_E00743
marts_E00744,martsdb,F0ZDD0,Protists,marts_E00744
marts_E00745,martsdb,,Animals,marts_E00745
marts_E00746,martsdb,,Animals,marts_E00746
marts_E00747,martsdb,E9N3U9,Plants,marts_E00747
marts_E00748,martsdb,E9F8R9,Fungi,marts_E00748
marts_E00750,martsdb,E9E766,Fungi,marts_E00750
marts_E00751,martsdb,E8W6C7,Bacteria,marts_E00751
marts_E00752,martsdb,E7DN64,Plants,marts_E00752
marts_E00753,martsdb,E7DN63,Plants,marts_E00753
marts_E00755,martsdb,E5L4Y4,Plants,marts_E00755
marts_E00756,martsdb,E5GAG4,Plants,marts_E00756
marts_E00757,martsdb,E5GAG2,Plants,marts_E00757
marts_E00758,martsdb,E5GAG1,Plants,marts_E00758
marts_E00759,martsdb,E5GAG0,Plants,marts_E00759
marts_E00760,martsdb,E5GAF8,Plants,marts_E00760
marts_E00761,martsdb,E5GAF7,Plants,marts_E00761
marts_E00762,martsdb,E5GAF6,Plants,marts_E00762
marts_E00763,martsdb,E5GAF5,Plants,marts_E00763
marts_E00764,martsdb,E5GAF4,Plants,marts_E00764
marts_E00765,martsdb,E5GAF3,Plants,marts_E00765
marts_E00766,martsdb,E4V6I8,Fungi,marts_E00766
marts_E00767,martsdb,E4N7E5,Bacteria,marts_E00767
marts_E00768,martsdb,E4MYY0,Bacteria,marts_E00768
marts_E00769,martsdb,E3WDE2,Plants,marts_E00769
marts_E00770,martsdb,A0A0A0RDZ8,Plants,marts_E00770
marts_E00771,martsdb,E3W208,Plants,marts_E00771
marts_E00772,martsdb,E3W207,Plants,marts_E00772
marts_E00773,martsdb,E3W206,Plants,marts_E00773
marts_E00774,martsdb,E3W205,Plants,marts_E00774
marts_E00775,martsdb,E3W204,Plants,marts_E00775
marts_E00776,martsdb,E3W203,Plants,marts_E00776
marts_E00777,martsdb,E3W202,Plants,marts_E00777
marts_E00779,martsdb,E2IUB0,Plants,marts_E00779
marts_E00780,martsdb,E2IUA9,Plants,marts_E00780
marts_E00781,martsdb,E2IUA8,Plants,marts_E00781
marts_E00782,martsdb,E2IUA7,Plants,marts_E00782
marts_E00783,martsdb,E2IUA6,Plants,marts_E00783
marts_E00784,martsdb,E2IHE0,Plants,marts_E00784
marts_E00785,martsdb,E2E2P2,Plants,marts_E00785
marts_E00786,martsdb,E2E2P1,Plants,marts_E00786
marts_E00787,martsdb,E2E2P0,Plants,marts_E00787
marts_E00788,martsdb,E2E2N8,Plants,marts_E00788
marts_E00789,martsdb,E2E2N7,Plants,marts_E00789
marts_E00790,martsdb,E2E2N5,Plants,marts_E00790
marts_E00791,martsdb,E2E2N4,Plants,marts_E00791
marts_E00792,martsdb,E2E2N3,Plants,marts_E00792
marts_E00793,martsdb,,Animals,marts_E00793
marts_E00794,martsdb,,Animals,marts_E00794
marts_E00795,martsdb,D9XDR8,Bacteria,marts_E00795
marts_E00796,martsdb,D9XD61,Bacteria,marts_E00796
marts_E00797,martsdb,D9J0D5,Plants,marts_E00797
marts_E00798,martsdb,D9J0D4,Plants,marts_E00798
marts_E00799,martsdb,D9J0D3,Plants,marts_E00799
marts_E00800,martsdb,D8RNZ9,Plants,marts_E00800
marts_E00801,martsdb,D8RLD3,Plants,marts_E00801
marts_E00805,martsdb,D5SL78,Bacteria,marts_E00805
marts_E00806,martsdb,D5SJ87,Bacteria,marts_E00806
marts_E00807,martsdb,D5KXJ0,Bacteria,marts_E00807
marts_E00808,martsdb,D5KXD2,Plants,marts_E00808
marts_E00811,martsdb,D3KYU2,Bacteria,marts_E00811
marts_E00812,martsdb,D2YZP9,Plants,marts_E00812
marts_E00813,martsdb,D2XEB3,Plants,marts_E00813
marts_E00814,martsdb,D2X8Y8,Plants,marts_E00814
marts_E00815,martsdb,D2X8G2,Plants,marts_E00815
marts_E00816,martsdb,D2X8G1,Plants,marts_E00816
marts_E00817,martsdb,D2X8G0,Plants,marts_E00817
marts_E00819,martsdb,D2B747,Bacteria,marts_E00819
marts_E00820,martsdb,D1MJ52,Plants,marts_E00820
marts_E00821,martsdb,D0VMR8,Plants,marts_E00821
marts_E00822,martsdb,D0VMR7,Plants,marts_E00822
marts_E00823,martsdb,D0VMR6,Plants,marts_E00823
marts_E00824,martsdb,D0VFU8,Plants,marts_E00824
marts_E00825,martsdb,D0UZK2,Plants,marts_E00825
marts_E00826,martsdb,,Animals,marts_E00826
marts_E00827,martsdb,,Fungi,marts_E00827
marts_E00828,martsdb,C9K2Q3,Fungi,marts_E00828
marts_E00829,martsdb,C9K1X5,Bacteria,marts_E00829
marts_E00831,martsdb,C8XPS0,Plants,marts_E00831
marts_E00832,martsdb,C7SCX0,Plants,marts_E00832
marts_E00833,martsdb,C7PLV2,Bacteria,marts_E00833
marts_E00834,martsdb,C7E5W0,Plants,marts_E00834
marts_E00835,martsdb,C7E5V9,Plants,marts_E00835
marts_E00836,martsdb,C7E5V8,Plants,marts_E00836
marts_E00837,martsdb,C7E5V7,Plants,marts_E00837
marts_E00839,martsdb,C5YN30,Plants,marts_E00839
marts_E00840,martsdb,C5YHZ9,Plants,marts_E00840
marts_E00841,martsdb,C5YHI2,Plants,marts_E00841
marts_E00842,martsdb,C5YHH7,Plants,marts_E00842
marts_E00843,martsdb,C5I6F7,Plants,marts_E00843
marts_E00844,martsdb,C5H3I7,Plants,marts_E00844
marts_E00845,martsdb,C3RSF5,Plants,marts_E00845
marts_E00846,martsdb,C1K5M3,Plants,marts_E00846
marts_E00847,martsdb,C0SSW7,Plants,marts_E00847
marts_E00848,martsdb,C0PTH8,Plants,marts_E00848
marts_E00849,martsdb,C0PT35,Plants,marts_E00849
marts_E00850,martsdb,C0PPR1,Plants,marts_E00850
marts_E00851,martsdb,C0PPM5,Plants,marts_E00851
marts_E00852,martsdb,C0KWV7,Plants,marts_E00852
marts_E00853,martsdb,C0KWV6,Plants,marts_E00853
marts_E00854,martsdb,C0KWV5,Plants,marts_E00854
marts_E00855,martsdb,C0KWV4,Plants,marts_E00855
marts_E00856,martsdb,C0KWV3,Plants,marts_E00856
marts_E00857,martsdb,,Fungi,marts_E00857
marts_E00858,martsdb,,Fungi,marts_E00858
marts_E00859,martsdb,,Fungi,marts_E00859
marts_E00861,martsdb,,Fungi,marts_E00861
marts_E00862,martsdb,,Fungi,marts_E00862
marts_E00863,martsdb,,Fungi,marts_E00863
marts_E00864,martsdb,,Fungi,marts_E00864
marts_E00865,martsdb,,Fungi,marts_E00865
marts_E00866,martsdb,,Fungi,marts_E00866
marts_E00867,martsdb,,Fungi,marts_E00867
marts_E00868,martsdb,,Fungi,marts_E00868
marts_E00869,martsdb,,Fungi,marts_E00869
marts_E00870,martsdb,,Fungi,marts_E00870
marts_E00871,martsdb,,Fungi,marts_E00871
marts_E00872,martsdb,,Fungi,marts_E00872
marts_E00873,martsdb,,Fungi,marts_E00873
marts_E00874,martsdb,,Fungi,marts_E00874
marts_E00875,martsdb,,Fungi,marts_E00875
marts_E00876,martsdb,,Fungi,marts_E00876
marts_E00877,martsdb,,Fungi,marts_E00877
marts_E00878,martsdb,,Fungi,marts_E00878
marts_E00879,martsdb,,Fungi,marts_E00879
marts_E00880,martsdb,,Fungi,marts_E00880
marts_E00881,martsdb,,Animals,marts_E00881
marts_E00882,martsdb,,Animals,marts_E00882
marts_E00883,martsdb,B9X0J1,Plants,marts_E00883
marts_E00884,martsdb,B9T625,Plants,marts_E00884
marts_E00885,martsdb,B9S9Z3,Plants,marts_E00885
marts_E00886,martsdb,B9RXW0,Plants,marts_E00886
marts_E00887,martsdb,B9RHW5,Plants,marts_E00887
marts_E00888,martsdb,B9GSM9,Plants,marts_E00888
marts_E00890,martsdb,B8PQ84,Plants,marts_E00890
marts_E00891,martsdb,B8PD44,Fungi,marts_E00891
marts_E00892,martsdb,B6UV92,Plants,marts_E00892
marts_E00893,martsdb,B6SCF6,Plants,marts_E00893
marts_E00894,martsdb,B6SCF5,Plants,marts_E00894
marts_E00895,martsdb,B6SCF4,Plants,marts_E00895
marts_E00897,martsdb,B6HFX8,Fungi,marts_E00897
marts_E00899,martsdb,B6EXY6,Plants,marts_E00899
marts_E00900,martsdb,B5HDJ6,Bacteria,marts_E00900
marts_E00901,martsdb,B5H7H3,Bacteria,marts_E00901
marts_E00902,martsdb,B5GW45,Bacteria,marts_E00902
marts_E00903,martsdb,B5GS26,Bacteria,marts_E00903
marts_E00904,martsdb,B5GRC8,Bacteria,marts_E00904
marts_E00905,martsdb,B5GMG2,Bacteria,marts_E00905
marts_E00906,martsdb,B5A435,Plants,marts_E00906
marts_E00907,martsdb,B5A434,Plants,marts_E00907
marts_E00908,martsdb,B4YYR2,Plants,marts_E00908
marts_E00910,martsdb,B4XAK6,Plants,marts_E00910
marts_E00911,martsdb,B4XAK5,Plants,marts_E00911
marts_E00912,martsdb,B4XAK4,Plants,marts_E00912
marts_E00913,martsdb,B3Y522,Plants,marts_E00913
marts_E00914,martsdb,B3TPQ7,Plants,marts_E00914
marts_E00915,martsdb,B3TPQ6,Plants,marts_E00915
marts_E00916,martsdb,B2KSJ6,Plants,marts_E00916
marts_E00917,martsdb,B2KSJ5,Plants,marts_E00917
marts_E00918,martsdb,B2J4A4,Bacteria,marts_E00918
marts_E00919,martsdb,B2DBF1,Fungi,marts_E00919
marts_E00920,martsdb,B2DBF0,Fungi,marts_E00920
marts_E00923,martsdb,B2C4D8,Plants,marts_E00923
marts_E00924,martsdb,B2C4D7,Plants,marts_E00924
marts_E00925,martsdb,B2C4D6,Plants,marts_E00925
marts_E00926,martsdb,B2C4D5,Plants,marts_E00926
marts_E00927,martsdb,B2C4D4,Plants,marts_E00927
marts_E00928,martsdb,B2C4D3,Plants,marts_E00928
marts_E00929,martsdb,B2C4D0,Plants,marts_E00929
marts_E00931,martsdb,B1W019,Bacteria,marts_E00931
marts_E00933,martsdb,B1B1U4,Plants,marts_E00933
marts_E00934,martsdb,B1B1U3,Plants,marts_E00934
marts_E00936,martsdb,B0Y565,Fungi,marts_E00936
marts_E00937,martsdb,B0KZ40,Plants,marts_E00937
marts_E00938,martsdb,B0FGA9,Plants,marts_E00938
marts_E00941,martsdb,A9GK58,Bacteria,marts_E00941
marts_E00942,martsdb,A9FZ87,Bacteria,marts_E00942
marts_E00943,martsdb,A9AWD5,Bacteria,marts_E00943
marts_E00944,martsdb,A8R7G3,Plants,marts_E00944
marts_E00945,martsdb,A8NU13,Fungi,marts_E00945
marts_E00946,martsdb,A8NE23,Fungi,marts_E00946
marts_E00947,martsdb,A8NCK5,Fungi,marts_E00947
marts_E00948,martsdb,A8CDT3,Plants,marts_E00948
marts_E00949,martsdb,A8CDT2,Plants,marts_E00949
marts_E00950,martsdb,A8C981,Plants,marts_E00950
marts_E00951,martsdb,A8C980,Plants,marts_E00951
marts_E00952,martsdb,A7NH01,Bacteria,marts_E00952
marts_E00953,martsdb,A7IZZ2,Plants,marts_E00953
marts_E00954,martsdb,A7IZZ1,Plants,marts_E00954
marts_E00955,martsdb,A7BJ36,Plants,marts_E00955
marts_E00956,martsdb,A7BJ35,Plants,marts_E00956
marts_E00957,martsdb,A7BG60,Plants,marts_E00957
marts_E00958,martsdb,A6XH06,Plants,marts_E00958
marts_E00959,martsdb,A6XH05,Plants,marts_E00959
marts_E00960,martsdb,A5YZT7,Plants,marts_E00960
marts_E00961,martsdb,A5Y5L5,Plants,marts_E00961
marts_E00962,martsdb,A5LHW8,Plants,marts_E00962
marts_E00963,martsdb,A5BEB8,Plants,marts_E00963
marts_E00964,martsdb,A5AQH7,Plants,marts_E00964
marts_E00965,martsdb,A5A8G0,Plants,marts_E00965
marts_E00968,martsdb,A4KAG8,Plants,marts_E00968
marts_E00969,martsdb,A4KAG7,Plants,marts_E00969
marts_E00970,martsdb,A4FVP2,Plants,marts_E00970
marts_E00971,martsdb,A4FG19,Bacteria,marts_E00971
marts_E00972,martsdb,A3KI17,Bacteria,marts_E00972
marts_E00973,martsdb,A2PZA5,Fungi,marts_E00973
marts_E00976,martsdb,A1DN30,Fungi,marts_E00976
marts_E00978,martsdb,A1C8C3,Fungi,marts_E00978
marts_E00980,martsdb,Q5UBY0,Plants,marts_E00980
marts_E00981,martsdb,A0RZI2,Plants,marts_E00981
marts_E00982,martsdb,A0A8K1AY78,Fungi,marts_E00982
marts_E00983,martsdb,A0A8F4SPZ5,Fungi,marts_E00983
marts_E00984,martsdb,A0A8F4SPY9,Fungi,marts_E00984
marts_E00985,martsdb,A0A8F4SNK9,Fungi,marts_E00985
marts_E00986,martsdb,A0A8F4SNK4,Fungi,marts_E00986
marts_E00987,martsdb,A0A8F4SKU0,Fungi,marts_E00987
marts_E00988,martsdb,A0A8F4SKT7,Fungi,marts_E00988
marts_E00989,martsdb,A0A8F4SK87,Fungi,marts_E00989
marts_E00991,martsdb,A0A8F4SK83,Fungi,marts_E00991
marts_E00992,martsdb,A0A8F4SK79,Fungi,marts_E00992
marts_E00993,martsdb,A0A8F4PQP7,Fungi,marts_E00993
marts_E00994,martsdb,A0A8F4PQI4,Fungi,marts_E00994
marts_E00995,martsdb,A0A8F4PQH5,Fungi,marts_E00995
marts_E00996,martsdb,A0A8F4PPJ2,Fungi,marts_E00996
marts_E00997,martsdb,A0A8F4PPI6,Fungi,marts_E00997
marts_E00998,martsdb,A0A8F4PPH7,Fungi,marts_E00998
marts_E00999,martsdb,A0A8F4PP18,Fungi,marts_E00999
marts_E01000,martsdb,A0A8F4PNT7,Fungi,marts_E01000
marts_E01002,martsdb,A0A8F4PNJ7,Fungi,marts_E01002
marts_E01003,martsdb,A0A8F4PMY5,Fungi,marts_E01003
marts_E01004,martsdb,A0A8F4PMX6,Fungi,marts_E01004
marts_E01005,martsdb,A0A8F4PMV8,Fungi,marts_E01005
marts_E01006,martsdb,A0A7S5L3J3,Plants,marts_E01006
marts_E01007,martsdb,A0A7S5L3H2,Plants,marts_E01007
marts_E01008,martsdb,A0A7S5L324,Plants,marts_E01008
marts_E01009,martsdb,A0A7S5GI44,Plants,marts_E01009
marts_E01010,martsdb,A0A7S5GI43,Plants,marts_E01010
marts_E01011,martsdb,A0A7L7SG75,Plants,marts_E01011
marts_E01012,martsdb,A0A7L7SES4,Plants,marts_E01012
marts_E01013,martsdb,A0A7L7SCQ9,Plants,marts_E01013
marts_E01014,martsdb,A0A7L7S8U7,Plants,marts_E01014
marts_E01015,martsdb,A0A7L7S5T2,Plants,marts_E01015
marts_E01016,martsdb,A0A7G5KLV3,Plants,marts_E01016
marts_E01017,martsdb,A0A7G5KLV2,Plants,marts_E01017
marts_E01018,martsdb,A0A7G5KLV1,Plants,marts_E01018
marts_E01019,martsdb,A0A7G5KLV0,Plants,marts_E01019
marts_E01020,martsdb,A0A7D0AGU9,Animals,marts_E01020
marts_E01021,martsdb,A0A6S6QR11,Fungi,marts_E01021
marts_E01023,martsdb,A0A6P8ANR6,Fungi,marts_E01023
marts_E01026,martsdb,A0A6M6CCF6,Plants,marts_E01026
marts_E01027,martsdb,A0A6G7GHF5,Fungi,marts_E01027
marts_E01028,martsdb,A0A6C0TLK1,Plants,marts_E01028
marts_E01029,martsdb,A0A6C0TL59,Plants,marts_E01029
marts_E01030,martsdb,A0A6C0TJK8,Plants,marts_E01030
marts_E01031,martsdb,A0A6C0THV5,Plants,marts_E01031
marts_E01032,martsdb,A0A6C0QES1,Plants,marts_E01032
marts_E01033,martsdb,A0A6B8N4Y9,Plants,marts_E01033
marts_E01034,martsdb,A0A6B8N100,Plants,marts_E01034
marts_E01035,martsdb,A0A6B8MS60,Plants,marts_E01035
marts_E01036,martsdb,A0A6A6W5M9,Fungi,marts_E01036
marts_E01037,martsdb,A0A678QA10,Plants,marts_E01037
marts_E01038,martsdb,A0A650A872,Plants,marts_E01038
marts_E01039,martsdb,A0A650A7N9,Plants,marts_E01039
marts_E01040,martsdb,A0A650A7N6,Plants,marts_E01040
marts_E01041,martsdb,A0A650A7M1,Plants,marts_E01041
marts_E01042,martsdb,A0A650A7K4,Plants,marts_E01042
marts_E01043,martsdb,A0A650A7I8,Plants,marts_E01043
marts_E01044,martsdb,A0A650A7H3,Plants,marts_E01044
marts_E01045,martsdb,A0A5S9I252,Fungi,marts_E01045
marts_E01046,martsdb,A0A5Q0QU70,Fungi,marts_E01046
marts_E01047,martsdb,A0A5Q0QSI8,Fungi,marts_E01047
marts_E01048,martsdb,A0A5Q0QRJ3,Fungi,marts_E01048
marts_E01049,martsdb,A0A5Q0QP64,Fungi,marts_E01049
marts_E01050,martsdb,A0A5Q0QNJ2,Fungi,marts_E01050
marts_E01051,martsdb,A0A5Q0QNH9,Fungi,marts_E01051
marts_E01052,martsdb,A0A5Q0QN66,Fungi,marts_E01052
marts_E01053,martsdb,A0A5Q0QMX1,Fungi,marts_E01053
marts_E01054,martsdb,A0A5Q0QMX0,Fungi,marts_E01054
marts_E01055,martsdb,A0A5K6WHY7,Plants,marts_E01055
marts_E01057,martsdb,A0A4Y5QVX6,Plants,marts_E01057
marts_E01059,martsdb,A0A4Y5L9K3,Plants,marts_E01059
marts_E01060,martsdb,A0A4S8MAF3,Fungi,marts_E01060
marts_E01061,martsdb,A0A482IC14,Plants,marts_E01061
marts_E01062,martsdb,A0A482AJV9,Plants,marts_E01062
marts_E01064,martsdb,A0A3S9GVB5,Plants,marts_E01064
marts_E01065,martsdb,A0A3S9GV71,Plants,marts_E01065
marts_E01066,martsdb,A0A3Q9FFM1,Fungi,marts_E01066
marts_E01069,martsdb,A0A3G9F1F9,Plants,marts_E01069
marts_E01070,martsdb,A0A3G9EY38,Plants,marts_E01070
marts_E01071,martsdb,A0A3G9EJV0,Plants,marts_E01071
marts_E01072,martsdb,A0A3G9EJT8,Plants,marts_E01072
marts_E01073,martsdb,A0A3G9ED98,Plants,marts_E01073
marts_E01074,martsdb,A0A3G9EAS3,Plants,marts_E01074
marts_E01075,martsdb,A0A3G1QTU5,Plants,marts_E01075
marts_E01076,martsdb,A0A3G1QTS7,Plants,marts_E01076
marts_E01077,martsdb,A0A3G1HQN7,Fungi,marts_E01077
marts_E01080,martsdb,A0A386JV86,Animals,marts_E01080
marts_E01081,martsdb,A0A385AJN0,Protists,marts_E01081
marts_E01082,martsdb,A0A385AJM7,Plants,marts_E01082
marts_E01083,martsdb,A0A385AJM6,Protists,marts_E01083
marts_E01084,martsdb,A0A385AJM4,Protists,marts_E01084
marts_E01085,martsdb,A0A385AJM2,Protists,marts_E01085
marts_E01086,martsdb,F4Q7D4,Protists,marts_E01086
marts_E01087,martsdb,A0A348FUE1,Fungi,marts_E01087
marts_E01088,martsdb,A0A348DU52,Fungi,marts_E01088
marts_E01089,martsdb,A0A348B793,Fungi,marts_E01089
marts_E01090,martsdb,A0A348B790,Fungi,marts_E01090
marts_E01091,martsdb,A0A348B788,Fungi,marts_E01091
marts_E01092,martsdb,A0A348B784,Fungi,marts_E01092
marts_E01093,martsdb,A0A348B782,Fungi,marts_E01093
marts_E01094,martsdb,A0A348B781,Fungi,marts_E01094
marts_E01095,martsdb,A0A348B780,Fungi,marts_E01095
marts_E01096,martsdb,A0A348B779,Fungi,marts_E01096
marts_E01097,martsdb,A0A348AUW1,Plants,marts_E01097
marts_E01098,martsdb,A0A348AUW0,Plants,marts_E01098
marts_E01099,martsdb,A0A348AUV9,Plants,marts_E01099
marts_E01100,martsdb,A0A348AUV7,Plants,marts_E01100
marts_E01101,martsdb,A0A348AUV6,Plants,marts_E01101
marts_E01102,martsdb,A0A348AUV5,Plants,marts_E01102
marts_E01103,martsdb,A0A345ZQ22,Plants,marts_E01103
marts_E01106,martsdb,A0A343W969,Animals,marts_E01106
marts_E01107,martsdb,A0A2Z6FZ31,Fungi,marts_E01107
marts_E01108,martsdb,A0A2Z6E9F0,Plants,marts_E01108
marts_E01109,martsdb,A0A2Z6E967,Plants,marts_E01109
marts_E01110,martsdb,A0A2Z6AQX7,Fungi,marts_E01110
marts_E01111,martsdb,A0A2Z6AQX6,Fungi,marts_E01111
marts_E01112,martsdb,A0A2R4QKX7,Plants,marts_E01112
marts_E01114,martsdb,A0A2P2GK84,Bacteria,marts_E01114
marts_E01116,martsdb,A0A2L0VXR0,Fungi,marts_E01116
marts_E01117,martsdb,A0A2K9RG07,Plants,marts_E01117
marts_E01118,martsdb,A0A2K9RFZ9,Plants,marts_E01118
marts_E01119,martsdb,A0A2K9RFZ8,Plants,marts_E01119
marts_E01120,martsdb,A0A2K9RFZ7,Plants,marts_E01120
marts_E01121,martsdb,A0A2K9RFZ2,Plants,marts_E01121
marts_E01122,martsdb,A0A2K9RFY0,Plants,marts_E01122
marts_E01124,martsdb,A0A2A2D8W5,Bacteria,marts_E01124
marts_E01125,martsdb,A0A291SJC7,Bacteria,marts_E01125
marts_E01126,martsdb,A0A291LSD6,Plants,marts_E01126
marts_E01127,martsdb,A0A290U6P6,Plants,marts_E01127
marts_E01128,martsdb,A0A290U6N1,Plants,marts_E01128
marts_E01129,martsdb,A0A290U6M6,Plants,marts_E01129
marts_E01130,martsdb,A0A290U6M0,Plants,marts_E01130
marts_E01131,martsdb,A0A286R621,Plants,marts_E01131
marts_E01133,martsdb,A0A1Z3GCD1,Plants,marts_E01133
marts_E01134,martsdb,A0A1Z3GC64,Plants,marts_E01134
marts_E01135,martsdb,A0A1Z3GBK8,Plants,marts_E01135
marts_E01136,martsdb,A0A1Y1C7Q5,Fungi,marts_E01136
marts_E01137,martsdb,A0A1X9ISP7,Plants,marts_E01137
marts_E01138,martsdb,A0A1X9ISN9,Plants,marts_E01138
marts_E01139,martsdb,A0A1X9ISH5,Plants,marts_E01139
marts_E01140,martsdb,A0A1X9IRQ7,Plants,marts_E01140
marts_E01141,martsdb,A0A1X9IRP7,Plants,marts_E01141
marts_E01142,martsdb,A0A1W6QDJ1,Plants,marts_E01142
marts_E01143,martsdb,A0A1W6QDI7,Plants,marts_E01143
marts_E01144,martsdb,A0A1W6GW32,Plants,marts_E01144
marts_E01145,martsdb,A0A1W6GW18,Plants,marts_E01145
marts_E01146,martsdb,A0A1W6GW06,Plants,marts_E01146
marts_E01147,martsdb,A0A1V1FVQ6,Fungi,marts_E01147
marts_E01148,martsdb,A0A1V0QSG6,Plants,marts_E01148
marts_E01149,martsdb,A0A1V0QSF6,Plants,marts_E01149
marts_E01150,martsdb,A0A1V0QSF3,Plants,marts_E01150
marts_E01151,martsdb,A0A7J6HK32,Plants,marts_E01151
marts_E01153,martsdb,A0A1V0E4A6,Plants,marts_E01153
marts_E01154,martsdb,A0A1V0E492,Plants,marts_E01154
marts_E01155,martsdb,A0A1V0D8Y5,Plants,marts_E01155
marts_E01157,martsdb,A0A1U8QHE3,Fungi,marts_E01157
marts_E01159,martsdb,A0A1S5RW73,Plants,marts_E01159
marts_E01169,martsdb,A0A1M6RNB3,Bacteria,marts_E01169
marts_E01170,martsdb,A0A1L9WUI2,Fungi,marts_E01170
marts_E01171,martsdb,A0A1L9UKS1,Fungi,marts_E01171
marts_E01172,martsdb,A0A1L7VZE7,Fungi,marts_E01172
marts_E01173,martsdb,A0A1L7U8F2,Fungi,marts_E01173
marts_E01174,martsdb,A0A1L7NYG3,Plants,marts_E01174
marts_E01175,martsdb,A0A1L7NYG2,Plants,marts_E01175
marts_E01176,martsdb,A0A1L7NYF8,Plants,marts_E01176
marts_E01177,martsdb,A0A1L6Z3A5,Plants,marts_E01177
marts_E01178,martsdb,A0A1L6Z3A0,Plants,marts_E01178
marts_E01179,martsdb,A0A1L5YKS7,Plants,marts_E01179
marts_E01180,martsdb,A0A1L2D3T3,Plants,marts_E01180
marts_E01181,martsdb,A0A1L1WGF5,Plants,marts_E01181
marts_E01182,martsdb,A0A1L1WGD9,Plants,marts_E01182
marts_E01183,martsdb,A0A1L1WGC4,Plants,marts_E01183
marts_E01184,martsdb,A0A1L1WGB8,Plants,marts_E01184
marts_E01185,martsdb,A0A1J0CQA6,Plants,marts_E01185
marts_E01186,martsdb,A0A1J0CQA2,Plants,marts_E01186
marts_E01187,martsdb,A0A1J0CQ97,Plants,marts_E01187
marts_E01188,martsdb,A0A1J0CQ92,Plants,marts_E01188
marts_E01189,martsdb,A0A1J0CQ90,Plants,marts_E01189
marts_E01190,martsdb,A0A1J0CQ86,Plants,marts_E01190
marts_E01192,martsdb,A0A1H0BVV7,Bacteria,marts_E01192
marts_E01193,martsdb,A0A1G9S4L4,Bacteria,marts_E01193
marts_E01194,martsdb,A0A1F5LDE4,Fungi,marts_E01194
marts_E01195,martsdb,A0A1D8PI71,Fungi,marts_E01195
marts_E01197,martsdb,A0A1D6LTV0,Plants,marts_E01197
marts_E01198,martsdb,A0A1D6KUI6,Plants,marts_E01198
marts_E01199,martsdb,A0A1D6K6U5,Plants,marts_E01199
marts_E01201,martsdb,A0A1D6EFT8,Plants,marts_E01201
marts_E01202,martsdb,A0A1C9J6A7,Plants,marts_E01202
marts_E01203,martsdb,A0A1C7AAN2,Plants,marts_E01203
marts_E01205,martsdb,A0A1B4XBG5,Fungi,marts_E01205
marts_E01206,martsdb,A0A178U9Y5,Plants,marts_E01206
marts_E01207,martsdb,A0A177DNJ5,Fungi,marts_E01207
marts_E01208,martsdb,A0A169T193,Fungi,marts_E01208
marts_E01209,martsdb,A0A167V661,Plants,marts_E01209
marts_E01210,martsdb,A0A167CIH5,Fungi,marts_E01210
marts_E01211,martsdb,A0A162QA28,Fungi,marts_E01211
marts_E01212,martsdb,A0A151ZEA6,Protists,marts_E01212
marts_E01213,martsdb,A0A144YEA5,Plants,marts_E01213
marts_E01214,martsdb,A0A142ZC57,Plants,marts_E01214
marts_E01215,martsdb,A0A142F308,Plants,marts_E01215
marts_E01216,martsdb,A0A142F309,Plants,marts_E01216
marts_E01217,martsdb,A0A142F310,Plants,marts_E01217
marts_E01218,martsdb,A0A142BX74,Plants,marts_E01218
marts_E01221,martsdb,A0A142BX70,Plants,marts_E01221
marts_E01222,martsdb,A0A140KFG9,Plants,marts_E01222
marts_E01224,martsdb,A0A140AZ72,Animals,marts_E01224
marts_E01225,martsdb,A0A140AZ69,Animals,marts_E01225
marts_E01226,martsdb,A0A140AZ66,Animals,marts_E01226
marts_E01227,martsdb,A0A140AZ63,Animals,marts_E01227
marts_E01228,martsdb,A0A135LYJ9,Fungi,marts_E01228
marts_E01229,martsdb,A0A125SXN3,Plants,marts_E01229
marts_E01230,martsdb,A0A125SXN2,Plants,marts_E01230
marts_E01231,martsdb,A0A125SXN1,Plants,marts_E01231
marts_E01232,martsdb,A0A125S8N2,Plants,marts_E01232
marts_E01233,martsdb,A0A125S8N1,Plants,marts_E01233
marts_E01234,martsdb,A0A100IAT3,Fungi,marts_E01234
marts_E01235,martsdb,A0A0U5GNT1,Fungi,marts_E01235
marts_E01236,martsdb,A0A0U5GLI1,Fungi,marts_E01236
marts_E01237,martsdb,A0A0U5G0B1,Fungi,marts_E01237
marts_E01238,martsdb,A0A0U4KG90,Plants,marts_E01238
marts_E01239,martsdb,A0A0U4IMN4,Plants,marts_E01239
marts_E01240,martsdb,A0A0U4CDK4,Plants,marts_E01240
marts_E01241,martsdb,A0A0U3LQ20,Plants,marts_E01241
marts_E01243,martsdb,A0A0U2U4F3,Plants,marts_E01243
marts_E01244,martsdb,A0A0U2D9C5,Plants,marts_E01244
marts_E01245,martsdb,A0A0U1XRI2,Plants,marts_E01245
marts_E01246,martsdb,A0A0U1XNG2,Plants,marts_E01246
marts_E01247,martsdb,A0A0S2IHL6,Plants,marts_E01247
marts_E01248,martsdb,A0A0P0ZEM1,Fungi,marts_E01248
marts_E01249,martsdb,A0A0P0ZD79,Fungi,marts_E01249
marts_E01250,martsdb,A0A0M5L832,Plants,marts_E01250
marts_E01251,martsdb,A0A0M4MMY1,Plants,marts_E01251
marts_E01252,martsdb,A0A0M4M0T9,Plants,marts_E01252
marts_E01253,martsdb,A0A0M3Q1Q3,Plants,marts_E01253
marts_E01254,martsdb,A0A0H5BN61,Bacteria,marts_E01254
marts_E01255,martsdb,A0A0H5BN57,Bacteria,marts_E01255
marts_E01256,martsdb,A0A0H5BB10,Bacteria,marts_E01256
marts_E01257,martsdb,A0A0H4U9R8,Plants,marts_E01257
marts_E01260,martsdb,A0A0F4GLU2,Fungi,marts_E01260
marts_E01261,martsdb,A0A0E3KJK7,Plants,marts_E01261
marts_E01264,martsdb,A0A0E0SP71,Fungi,marts_E01264
marts_E01265,martsdb,A0A0E0LRP1,Plants,marts_E01265
marts_E01266,martsdb,A0A0D4D912,Plants,marts_E01266
marts_E01267,martsdb,A0A0D2L718,Fungi,marts_E01267
marts_E01268,martsdb,A0A0C9VD04,Fungi,marts_E01268
marts_E01269,martsdb,A0A0C3FBR2,Fungi,marts_E01269
marts_E01270,martsdb,A0A0B5KP67,Plants,marts_E01270
marts_E01271,martsdb,A0A0B4IF96,Fungi,marts_E01271
marts_E01272,martsdb,A0A0B4GN88,Fungi,marts_E01272
marts_E01273,martsdb,A0A0B4G504,Fungi,marts_E01273
marts_E01274,martsdb,A0A0B4G3Q7,Fungi,marts_E01274
marts_E01275,martsdb,A0A0B4FWC3,Fungi,marts_E01275
marts_E01276,martsdb,A0A0B4EB91,Fungi,marts_E01276
marts_E01280,martsdb,A0A0A0RDR2,Plants,marts_E01280
marts_E01281,martsdb,A0A0A0RCB5,Plants,marts_E01281
marts_E01283,martsdb,A0A097ZIE0,Plants,marts_E01283
marts_E01284,martsdb,A0A097SRT3,Plants,marts_E01284
marts_E01285,martsdb,A0A076L784,Plants,marts_E01285
marts_E01286,martsdb,A0A076L503,Plants,marts_E01286
marts_E01287,martsdb,A0A076L4Z9,Plants,marts_E01287
marts_E01288,martsdb,A0A076L4M0,Plants,marts_E01288
marts_E01289,martsdb,A0A076KZS5,Plants,marts_E01289
marts_E01290,martsdb,A0A076KZH5,Plants,marts_E01290
marts_E01291,martsdb,A0A076GBT5,Plants,marts_E01291
marts_E01292,martsdb,A0A076GAU9,Plants,marts_E01292
marts_E01293,martsdb,A0A076GAU5,Plants,marts_E01293
marts_E01294,martsdb,A0A076GAR6,Plants,marts_E01294
marts_E01295,martsdb,A0A075W3D9,Plants,marts_E01295
marts_E01296,martsdb,A0A075W0Z3,Plants,marts_E01296
marts_E01297,martsdb,A0A075FBT3,Plants,marts_E01297
marts_E01298,martsdb,A0A075FBG7,Plants,marts_E01298
marts_E01299,martsdb,A0A075FAK4,Plants,marts_E01299
marts_E01300,martsdb,A0A075FA51,Plants,marts_E01300
marts_E01301,martsdb,A0A068EUF6,Plants,marts_E01301
marts_E01302,martsdb,A0A067SEC9,Fungi,marts_E01302
marts_E01304,martsdb,A0A023J8Z5,Plants,marts_E01304
marts_E01305,martsdb,Q7KWU0,Protists,marts_E01305
marts_E01306,martsdb,Q54P86,Protists,marts_E01306
marts_E01307,martsdb,Q54TW4,Protists,marts_E01307
marts_E01308,martsdb,D5SK09,Bacteria,marts_E01308
marts_E01309,martsdb,A0A5P2UZR8,Bacteria,marts_E01309
marts_E01310,martsdb,,Bacteria,marts_E01310
marts_E01311,martsdb,A0AA51BM75,Plants,marts_E01311
marts_E01312,martsdb,A0A561SAF2,Bacteria,marts_E01312
marts_E01313,martsdb,A0A7W5F0P0,Bacteria,marts_E01313
marts_E01314,martsdb,A0A1M3U1M9,Fungi,marts_E01314
marts_E01315,martsdb,A0A3M8F3X6,Bacteria,marts_E01315
marts_E01316,martsdb,,Bacteria,marts_E01316
marts_E01317,martsdb,C7QAD7,Bacteria,marts_E01317
marts_E01318,martsdb,C9Z4F7,Bacteria,marts_E01318
marts_E01319,martsdb,A0A5P1ZG13,Bacteria,marts_E01319
marts_E01320,martsdb,B5GTQ6,Bacteria,marts_E01320
marts_E01321,martsdb,,Viruses,marts_E01321
marts_E01322,martsdb,A0A101T124,Bacteria,marts_E01322
marts_E01323,martsdb,A0A117RG81,Bacteria,marts_E01323
marts_E01324,martsdb,A0A5N5W9J0,Bacteria,marts_E01324
marts_E01325,martsdb,,Bacteria,marts_E01325
marts_E01326,martsdb,,Animals,marts_E01326
marts_E01327,martsdb,O34707,Bacteria,marts_E01327
marts_E01328,martsdb,A0A318P116,Bacteria,marts_E01328
marts_E01329,martsdb,,Bacteria,marts_E01329
marts_E01330,martsdb,,Bacteria,marts_E01330
marts_E01331,martsdb,,Plants,marts_E01331
marts_E01332,martsdb,D5SLU6,Bacteria,marts_E01332
marts_E01333,martsdb,,Plants,marts_E01333
marts_E01334,martsdb,,Plants,marts_E01334
marts_E01335,martsdb,,Fungi,marts_E01335
marts_E01336,martsdb,A0A250IBE0,Bacteria,marts_E01336
marts_E01337,martsdb,A0A1Z2LDZ7,Bacteria,marts_E01337
marts_E01338,martsdb,A0A562T706,Bacteria,marts_E01338
marts_E01339,martsdb,A0A2E1AC30,Bacteria,marts_E01339
marts_E01340,martsdb,,Bacteria,marts_E01340
marts_E01341,martsdb,A0A1H7UDD2,Bacteria,marts_E01341
marts_E01342,martsdb,A0A2T0LNX7,Bacteria,marts_E01342
marts_E01343,martsdb,A0A1N6E2E2,Bacteria,marts_E01343
marts_E01344,martsdb,A0A2A3HMH3,Bacteria,marts_E01344
marts_E01345,martsdb,A0A562SP41,Bacteria,marts_E01345
marts_E01346,martsdb,A0A1I1IX82,Bacteria,marts_E01346
marts_E01347,martsdb,A0A7M3M6K6,Bacteria,marts_E01347
marts_E01348,martsdb,A0A5P0YYU2,Bacteria,marts_E01348
marts_E01349,martsdb,A0A3N4M544,Bacteria,marts_E01349
marts_E01350,martsdb,A0A139WXP3,Bacteria,marts_E01350
marts_E01351,martsdb,A0A0N9I8A9,Bacteria,marts_E01351
marts_E01352,martsdb,A0A097ZQD0,Bacteria,marts_E01352
marts_E01353,martsdb,A0A4R4VDA4,Bacteria,marts_E01353
marts_E01354,martsdb,A0A6I2FRA3,Bacteria,marts_E01354
marts_E01355,martsdb,,Bacteria,marts_E01355
marts_E01356,martsdb,A0A1H1T2Q7,Bacteria,marts_E01356
marts_E01357,martsdb,J2T8D5,Bacteria,marts_E01357
marts_E01358,martsdb,A0A495JMV3,Bacteria,marts_E01358
marts_E01359,martsdb,A0A0M8XX89,Bacteria,marts_E01359
marts_E01360,martsdb,A0A1Q5GJH1,Bacteria,marts_E01360
marts_E01361,martsdb,A0A3N1A8E7,Bacteria,marts_E01361
marts_E01362,martsdb,A0A1N7KE47,Bacteria,marts_E01362
marts_E01363,martsdb,A0A386ZKV4,Bacteria,marts_E01363
marts_E01364,martsdb,A0A552RHR4,Bacteria,marts_E01364
marts_E01365,martsdb,,Bacteria,marts_E01365
marts_E01366,martsdb,A0AA82WP13,Bacteria,marts_E01366
marts_E01367,martsdb,A0A956YA26,Bacteria,marts_E01367
marts_E01368,martsdb,A0A979G5X7,Bacteria,marts_E01368
marts_E01369,martsdb,A0A979G646,Bacteria,marts_E01369
marts_E01370,martsdb,A0A010YQZ8,Bacteria,marts_E01370
marts_E01371,martsdb,A0A1L1WP15,Plants,marts_E01371
marts_E01372,martsdb,A0A1V0QSF8,Plants,marts_E01372
marts_E01373,martsdb,A0A1V0QSG0,Plants,marts_E01373
marts_E01374,martsdb,A0A1V0QSG1,Plants,marts_E01374
marts_E01375,martsdb,A0A1V0QSH1,Plants,marts_E01375
marts_E01376,martsdb,A0A290U6M3,Plants,marts_E01376
marts_E01377,martsdb,A0A2U8JPY1,Plants,marts_E01377
marts_E01378,martsdb,A0A385J6X8,Plants,marts_E01378
marts_E01379,martsdb,A0A385J6Y5,Plants,marts_E01379
marts_E01380,martsdb,A0A385J6Y6,Plants,marts_E01380
marts_E01381,martsdb,A0A385J6Y9,Plants,marts_E01381
marts_E01382,martsdb,A0A3B8DU56,Plants,marts_E01382
marts_E01383,martsdb,A0A3G9EWY9,Plants,marts_E01383
marts_E01384,martsdb,A0A4Y5QWA6,Plants,marts_E01384
marts_E01385,martsdb,A0A4Y5QWK5,Plants,marts_E01385
marts_E01386,martsdb,A0A4Y5QZ62,Plants,marts_E01386
marts_E01387,martsdb,A0A650A7L8,Plants,marts_E01387
marts_E01388,martsdb,A0A650A8B4,Plants,marts_E01388
marts_E01389,martsdb,A0A7D5HVQ3,Plants,marts_E01389
marts_E01390,martsdb,A0A7D5HYM9,Plants,marts_E01390
marts_E01391,martsdb,A0A7D5HYZ9,Plants,marts_E01391
marts_E01392,martsdb,A0A7D5HZV8,Plants,marts_E01392
marts_E01393,martsdb,A0A7S6HRZ4,Plants,marts_E01393
marts_E01394,martsdb,A0A8A5RE99,Plants,marts_E01394
marts_E01395,martsdb,A0A8A5XA86,Plants,marts_E01395
marts_E01396,martsdb,A0A8A5XC90,Plants,marts_E01396
marts_E01397,martsdb,S4SC87,Plants,marts_E01397
marts_E01398,martsdb,,Plants,marts_E01398
marts_E01399,martsdb,A0A067N7X3,Fungi,marts_E01399
marts_E01400,martsdb,A0A067NBB1,Fungi,marts_E01400
marts_E01401,martsdb,A0A067NY86,Fungi,marts_E01401
marts_E01402,martsdb,A0A094YZ24,Bacteria,marts_E01402
marts_E01403,martsdb,A0A097ZQA4,Bacteria,marts_E01403
marts_E01404,martsdb,A0A097ZQD1,Bacteria,marts_E01404
marts_E01405,martsdb,A0A2H3DKU3,Fungi,marts_E01405
marts_E01406,martsdb,A0A2H3DQV4,Fungi,marts_E01406
marts_E01407,martsdb,A0A2H3DUF9,Fungi,marts_E01407
marts_E01408,martsdb,A0A2H3E1S5,Fungi,marts_E01408
marts_E01409,martsdb,A0A345ZQ19,Plants,marts_E01409
marts_E01410,martsdb,A0A345ZQ20,Plants,marts_E01410
marts_E01411,martsdb,A0A345ZQ21,Plants,marts_E01411
marts_E01412,martsdb,A0A345ZQ23,Plants,marts_E01412
marts_E01413,martsdb,A0A345ZQ24,Plants,marts_E01413
marts_E01414,martsdb,A0A345ZQ25,Plants,marts_E01414
marts_E01415,martsdb,A0A345ZQ26,Plants,marts_E01415
marts_E01416,martsdb,A0A345ZQ29,Plants,marts_E01416
marts_E01417,martsdb,A0A345ZQ30,Plants,marts_E01417
marts_E01418,martsdb,A0A345ZQ31,Plants,marts_E01418
marts_E01419,martsdb,A0A8H6ZNT4,Fungi,marts_E01419
marts_E01420,martsdb,A0A8H7DPD2,Fungi,marts_E01420
marts_E01421,martsdb,A0A8T0VMU7,Plants,marts_E01421
marts_E01422,martsdb,B5H135,Bacteria,marts_E01422
marts_E01423,martsdb,UPI0005ADA921,Bacteria,marts_E01423
marts_E01424,martsdb,UPI0005AE096B,Bacteria,marts_E01424
marts_E01425,martsdb,,Bacteria,marts_E01425
marts_E01426,martsdb,A0A1G9UQQ0,Bacteria,marts_E01426
marts_E01427,martsdb,A0A1U7YTG3,Plants,marts_E01427
marts_E01428,martsdb,A0A1U7Z4L4,Plants,marts_E01428
marts_E01429,martsdb,A0A1U8BK57,Plants,marts_E01429
marts_E01430,martsdb,A0A401VY17,Bacteria,marts_E01430
marts_E01431,martsdb,A0A822XDK0,Plants,marts_E01431
marts_E01432,martsdb,A0A822ZER1,Plants,marts_E01432
marts_E01433,martsdb,F8JK18,Bacteria,marts_E01433
marts_E01434,martsdb,,Bacteria,marts_E01434
marts_E01435,martsdb,,Bacteria,marts_E01435
marts_E01436,martsdb,,Bacteria,marts_E01436
marts_E01437,martsdb,,Plants,marts_E01437
marts_E01438,martsdb,,Plants,marts_E01438
marts_E01439,martsdb,,Plants,marts_E01439
marts_E01440,martsdb,,Plants,marts_E01440
marts_E01441,martsdb,,Plants,marts_E01441
marts_E01442,martsdb,,Fungi,marts_E01442
marts_E01443,martsdb,,Plants,marts_E01443
marts_E01444,martsdb,,Plants,marts_E01444
marts_E01445,martsdb,A0A4P2VFM9,Fungi,marts_E01445
marts_E01446,martsdb,A0A4P2VFW6,Fungi,marts_E01446
marts_E01447,martsdb,A0A4P2VFX4,Fungi,marts_E01447
marts_E01448,martsdb,A0A4P2VG85,Fungi,marts_E01448
marts_E01449,martsdb,A0A4P2VG86,Fungi,marts_E01449
marts_E01450,martsdb,A0A4P2VIB5,Fungi,marts_E01450
marts_E01451,martsdb,A0A4P2VIC1,Fungi,marts_E01451
marts_E01452,martsdb,A0A4P2VJ76,Fungi,marts_E01452
marts_E01453,martsdb,A0A4P2VJ78,Fungi,marts_E01453
marts_E01454,martsdb,A0A4P2VK23,Fungi,marts_E01454
marts_E01455,martsdb,A0A4P2VK29,Fungi,marts_E01455
marts_E01456,martsdb,A0A4P2VRB6,Fungi,marts_E01456
marts_E01457,martsdb,A0A4P2VRC2,Fungi,marts_E01457
marts_E01458,martsdb,A0A4P2VS22,Fungi,marts_E01458
marts_E01459,martsdb,A0A4P2VS31,Fungi,marts_E01459
marts_E01460,martsdb,A0A4V0P208,Fungi,marts_E01460
marts_E01461,martsdb,A0A8H5Z7W4,Fungi,marts_E01461
marts_E01462,martsdb,A0AAW1L0L7,Plants,marts_E01462
marts_E01463,martsdb,O22667,Plants,marts_E01463
marts_E01464,martsdb,Q9ZTN7,Plants,marts_E01464
marts_E01465,martsdb,UPI000440A4B6,Fungi,marts_E01465
marts_E01466,martsdb,UPI000440ADCF,Fungi,marts_E01466
marts_E01467,martsdb,UPI000440C954,Fungi,marts_E01467
marts_E01468,martsdb,UPI0004449431,Fungi,marts_E01468
marts_E01469,martsdb,UPI0004449AEC,Fungi,marts_E01469
marts_E01470,martsdb,UPI003468F469,Fungi,marts_E01470
marts_E01471,martsdb,,Fungi,marts_E01471
marts_E01472,martsdb,,Fungi,marts_E01472
marts_E01473,martsdb,,Fungi,marts_E01473
marts_E01474,martsdb,,Fungi,marts_E01474
marts_E01475,martsdb,A0A075W2D6,Plants,marts_E01475
marts_E01476,martsdb,A0A084SQV5,Bacteria,marts_E01476
marts_E01477,martsdb,A0A097SRU9,Plants,marts_E01477
marts_E01478,martsdb,A0A0D3CK74,Plants,marts_E01478
marts_E01479,martsdb,A0A0H4U599,Plants,marts_E01479
marts_E01480,martsdb,A0A0H4U5M2,Plants,marts_E01480
marts_E01481,martsdb,A0A140KFH3,Plants,marts_E01481
marts_E01482,martsdb,A0A178MLU0,Bacteria,marts_E01482
marts_E01483,martsdb,A0A1D6DZU6,Plants,marts_E01483
marts_E01484,martsdb,A0A1V0QSF1,Fungi,marts_E01484
marts_E01485,martsdb,A0A1V0QSF7,Fungi,marts_E01485
marts_E01486,martsdb,A0A2N3Y098,Bacteria,marts_E01486
marts_E01487,martsdb,A0A2Z6E9E7,Plants,marts_E01487
marts_E01488,martsdb,A0A385AJM5,Protists,marts_E01488
marts_E01489,martsdb,A0A482F799,Plants,marts_E01489
marts_E01490,martsdb,A0A482F7E4,Plants,marts_E01490
marts_E01491,martsdb,A0A4R8DHV7,Bacteria,marts_E01491
marts_E01492,martsdb,A0A562SZ08,Bacteria,marts_E01492
marts_E01493,martsdb,A0A562T0F8,Bacteria,marts_E01493
marts_E01494,martsdb,A0A562T294,Bacteria,marts_E01494
marts_E01495,martsdb,A0A562T659,Bacteria,marts_E01495
marts_E01496,martsdb,A0A562TEX3,Bacteria,marts_E01496
marts_E01497,martsdb,A0A5K6WE80,Plants,marts_E01497
marts_E01498,martsdb,A0A5K6WNC8,Plants,marts_E01498
marts_E01499,martsdb,A0A6P5F5Q4,Plants,marts_E01499
marts_E01500,martsdb,A0A7D5UZM1,Fungi,marts_E01500
marts_E01501,martsdb,A0A7L4XSZ2,Plants,marts_E01501
marts_E01502,martsdb,A0F0B7,Plants,marts_E01502
marts_E01503,martsdb,B4FYP8,Plants,marts_E01503
marts_E01504,martsdb,B9SIL7,Plants,marts_E01504
marts_E01505,martsdb,B9SIM2,Plants,marts_E01505
marts_E01506,martsdb,B9SIM3,Plants,marts_E01506
marts_E01507,martsdb,C7SHN9,Plants,marts_E01507
marts_E01508,martsdb,F8TWD0,Plants,marts_E01508
marts_E01509,martsdb,F8TWD1,Plants,marts_E01509
marts_E01510,martsdb,F8TWD2,Plants,marts_E01510
marts_E01511,martsdb,G9M5S7,Plants,marts_E01511
marts_E01512,martsdb,G9M5S8,Plants,marts_E01512
marts_E01513,martsdb,H6KZW8,Bacteria,marts_E01513
marts_E01514,martsdb,L0I762,Plants,marts_E01514
marts_E01515,martsdb,L0I7G3,Plants,marts_E01515
marts_E01516,martsdb,L0I8P4,Plants,marts_E01516
marts_E01517,martsdb,L0I9I1,Plants,marts_E01517
marts_E01518,martsdb,M2TEG6,Fungi,marts_E01518
marts_E01519,martsdb,M2U3S5,Fungi,marts_E01519
marts_E01520,martsdb,Q45221,Bacteria,marts_E01520
marts_E01521,martsdb,Q45222,Bacteria,marts_E01521
marts_E01522,martsdb,Q4QSN5,Plants,marts_E01522
marts_E01523,martsdb,Q5CD81,Plants,marts_E01523
marts_E01524,martsdb,Q66PX9,Plants,marts_E01524
marts_E01525,martsdb,Q675K8,Plants,marts_E01525
marts_E01526,martsdb,Q675K9,Plants,marts_E01526
marts_E01527,martsdb,Q675L2,Plants,marts_E01527
marts_E01528,martsdb,Q9C8E3,Plants,marts_E01528
marts_E01529,martsdb,Q9LH31,Plants,marts_E01529
marts_E01530,martsdb,Q9LIA1,Plants,marts_E01530
marts_E01531,martsdb,Q9LQ27,Plants,marts_E01531
marts_E01532,martsdb,R0GB30,Plants,marts_E01532
marts_E01533,martsdb,UPI000045BCA6,Bacteria,marts_E01533
marts_E01534,martsdb,UPI000173D2D8,Bacteria,marts_E01534
marts_E01535,martsdb,UPI00032B827C,Plants,marts_E01535
marts_E01536,martsdb,UPI000525E1C4,Bacteria,marts_E01536
marts_E01537,martsdb,UPI0005D906A8,Bacteria,marts_E01537
marts_E01538,martsdb,UPI000A5C63E0,Bacteria,marts_E01538
marts_E01539,martsdb,UPI001460FE0B,Plants,marts_E01539
A0A2I8DM01,dark,A0A2I8DM01,Bacteria,
A0A2J6I229,dark,A0A2J6I229,Bacteria,
A0A3N9NLI0,dark,A0A3N9NLI0,Bacteria,
A0A661ZUN7,dark,A0A661ZUN7,Bacteria,
A0A662I836,dark,A0A662I836,Archaea,
A0A8H7X4H8,dark,A0A8H7X4H8,Fungi,
A0A9D6Y9I8,dark,A0A9D6Y9I8,Bacteria,
A0A094CY22,dark,A0A094CY22,Fungi,
A0A1J5HDL7,dark,A0A1J5HDL7,Bacteria,
A0A1Q3RNZ9,dark,A0A1Q3RNZ9,Bacteria,
A0A1Y2V2U5,dark,A0A1Y2V2U5,Fungi,
A0A356AZW6,dark,A0A356AZW6,Bacteria,
A0A534JSV4,dark,A0A534JSV4,Archaea,
A0A7X8R3W7,dark,A0A7X8R3W7,Bacteria,
A0A929GIQ9,dark,A0A929GIQ9,Bacteria,
A0A936GUW9,dark,A0A936GUW9,Bacteria,
A0A1Q9MS14,dark,A0A1Q9MS14,Archaea,
A0A2E6SYZ7,dark,A0A2E6SYZ7,Bacteria,
A0A8J3HTY4,dark,A0A8J3HTY4,Bacteria,
A0A932PI25,dark,A0A932PI25,Bacteria,
A0A959K078,dark,A0A959K078,Bacteria,
A0A932JYY9,dark,A0A932JYY9,Bacteria,
A0A951JRQ0,dark,A0A951JRQ0,Bacteria,
A0A1F9FEP5,dark,A0A1F9FEP5,Bacteria,
A0A1Q5KBG0,dark,A0A1Q5KBG0,Bacteria,
A0A7J4LEE8,dark,A0A7J4LEE8,Archaea,
A0A8S4GHC7,dark,A0A8S4GHC7,Plants,
A0A950RQ96,dark,A0A950RQ96,Bacteria,
A0A956RW10,dark,A0A956RW10,Bacteria,
A0A522WYX2,dark,A0A522WYX2,Bacteria,
A0A537FJG5,dark,A0A537FJG5,Archaea,
A0A842M0P2,dark,A0A842M0P2,Archaea,
A0A8T3WF21,dark,A0A8T3WF21,Archaea,
A0A959R5N9,dark,A0A959R5N9,Bacteria,
A0A971DY67,dark,A0A971DY67,Bacteria,
A0A972IDB8,dark,A0A972IDB8,Bacteria,
A0A976CEE7,dark,A0A976CEE7,Bacteria,
A0A1F5A4P1,dark,A0A1F5A4P1,Bacteria,
A0A1H1R5Y9,dark,A0A1H1R5Y9,Bacteria,
A0A2N9M728,dark,A0A2N9M728,Bacteria,
A0A2V5TZS0,dark,A0A2V5TZS0,Bacteria,
A0A349DJ65,dark,A0A349DJ65,Bacteria,
A0A3R7G8R5,dark,A0A3R7G8R5,Archaea,
A0A534K398,dark,A0A534K398,Archaea,
A0A661YZJ7,dark,A0A661YZJ7,Bacteria,
A0A7C1EIM8,dark,A0A7C1EIM8,Bacteria,
A0A836BK38,dark,A0A836BK38,Archaea,
A0A940KGD8,dark,A0A940KGD8,Bacteria,
A0A1E7GF31,dark,A0A1E7GF31,Archaea,
A0A1F4RI67,dark,A0A1F4RI67,Bacteria,
A0A3D1KX55,dark,A0A3D1KX55,Bacteria,
A0A3N1HZA8,dark,A0A3N1HZA8,Bacteria,
A0A4Q4V082,dark,A0A4Q4V082,Fungi,
A0A534L5D8,dark,A0A534L5D8,Archaea,
A0A7C6IYL6,dark,A0A7C6IYL6,Bacteria,
A0A7J4RWA2,dark,A0A7J4RWA2,Archaea,
A0A7L5C9A7,dark,A0A7L5C9A7,Bacteria,
A0A954T1V2,dark,A0A954T1V2,Bacteria,
A0A970J194,dark,A0A970J194,Bacteria,
F0YXG7,dark,F0YXG7,Bacteria,
A0AAV5GWM0,dark,A0AAV5GWM0,Bacteria,
A0A356F5F7,dark,A0A356F5F7,Bacteria,
A0A3N5SBP6,dark,A0A3N5SBP6,Archaea,
A0A7C3XHT6,dark,A0A7C3XHT6,Archaea,
A0A819RVC0,dark,A0A819RVC0,Animals,
A0A975PI69,dark,A0A975PI69,Bacteria,
A0A9D7TUJ2,dark,A0A9D7TUJ2,Bacteria,
A0AA91GJ74,dark,A0AA91GJ74,Bacteria,
U2EKI4,dark,U2EKI4,Bacteria,
A0A1E2WP66,dark,A0A1E2WP66,Bacteria,
A0A534J6E9,dark,A0A534J6E9,Archaea,
A0A970Z8K5,dark,A0A970Z8K5,Bacteria,
A0A151EZ24,dark,A0A151EZ24,Archaea,
A0A7Y5SYI5,dark,A0A7Y5SYI5,Bacteria,
A0A842Q332,dark,A0A842Q332,Archaea,
A0A8T4P733,dark,A0A8T4P733,Archaea,
A0A8T7FCQ4,dark,A0A8T7FCQ4,Bacteria,
A0A950YB40,dark,A0A950YB40,Bacteria,
A0A976PSJ7,dark,A0A976PSJ7,Bacteria,
A0A3D5YVG1,dark,A0A3D5YVG1,Bacteria,
A0A3N5RP24,dark,A0A3N5RP24,Bacteria,
A0A7D5M834,dark,A0A7D5M834,Archaea,
A0A7U9MP07,dark,A0A7U9MP07,Bacteria,
F7KLQ2,dark,F7KLQ2,Bacteria,
A0A1S3BX98,dark,A0A1S3BX98,Plants,
A0A662XU89,dark,A0A662XU89,Protists,
A0A935Z7R4,dark,A0A935Z7R4,Bacteria,
A0A9E1QB38,dark,A0A9E1QB38,Bacteria,
A0A094ITP4,dark,A0A094ITP4,Fungi,
A0A2N8MLB9,dark,A0A2N8MLB9,Bacteria,
A0A7C1EVZ1,dark,A0A7C1EVZ1,Bacteria,
A0A956KIH0,dark,A0A956KIH0,Bacteria,
A0A1S2P6Y4,dark,A0A1S2P6Y4,Bacteria,
A0A2E1W7X2,dark,A0A2E1W7X2,Bacteria,
A0A564Q8U0,dark,A0A564Q8U0,Archaea,
A0A5N5Q210,dark,A0A5N5Q210,Fungi,
A0A6G2KUC1,dark,A0A6G2KUC1,Archaea,
A0A6N7P0V2,dark,A0A6N7P0V2,Bacteria,
A0A7J4CQM8,dark,A0A7J4CQM8,Archaea,
A0A948UI18,dark,A0A948UI18,Bacteria,
A0A950ILY3,dark,A0A950ILY3,Bacteria,
A0A954M883,dark,A0A954M883,Bacteria,
A0A957BUK3,dark,A0A957BUK3,Bacteria,
A0A961I768,dark,A0A961I768,Bacteria,
A0A0E3NXY0,dark,A0A0E3NXY0,Archaea,
A0A1F8U9Z9,dark,A0A1F8U9Z9,Bacteria,
A0A2G4GKA0,dark,A0A2G4GKA0,Bacteria,
A0A2V5MR06,dark,A0A2V5MR06,Bacteria,
A0A2V5X3K7,dark,A0A2V5X3K7,Bacteria,
A0A7X9DPH4,dark,A0A7X9DPH4,Bacteria,
A0A7Y2ADC3,dark,A0A7Y2ADC3,Bacteria,
A0A955PXD4,dark,A0A955PXD4,Bacteria,
A0A9E0F3S1,dark,A0A9E0F3S1,Bacteria,
A0A3B9UNX1,dark,A0A3B9UNX1,Bacteria,
A0A3M1CV91,dark,A0A3M1CV91,Bacteria,
A0A534LEN8,dark,A0A534LEN8,Archaea,
A0A7X7WLK7,dark,A0A7X7WLK7,Bacteria,
A0A8J7Y4N4,dark,A0A8J7Y4N4,Archaea,
A0A8T4Z0T6,dark,A0A8T4Z0T6,Archaea,
A0A429I1W2,dark,A0A429I1W2,Bacteria,
A0A497AMF9,dark,A0A497AMF9,Bacteria,
A0A534L8I5,dark,A0A534L8I5,Archaea,
A0A7X7AAN1,dark,A0A7X7AAN1,Bacteria,
A0A942FAJ3,dark,A0A942FAJ3,Bacteria,
A0A151FBT9,dark,A0A151FBT9,Archaea,
A0A2E2XYA0,dark,A0A2E2XYA0,Bacteria,
A0A3M9ZVL5,dark,A0A3M9ZVL5,Archaea,
A0A522H0Y8,dark,A0A522H0Y8,Bacteria,
A0A8T7GBV5,dark,A0A8T7GBV5,Archaea,
A0A955KX52,dark,A0A955KX52,Bacteria,
A0A9E3CI23,dark,A0A9E3CI23,Bacteria,
A0A563CU41,dark,A0A563CU41,Bacteria,
A0A7C7AGT6,dark,A0A7C7AGT6,Bacteria,
A0A846PU88,dark,A0A846PU88,Archaea,
A0AA43BU68,dark,A0AA43BU68,Bacteria,
A0A7C6JYH5,dark,A0A7C6JYH5,Bacteria,
A0A7W0J6C2,dark,A0A7W0J6C2,Bacteria,
A0A843CKU0,dark,A0A843CKU0,Archaea,
A0A8J7XT75,dark,A0A8J7XT75,Archaea,
A0A8T4BV78,dark,A0A8T4BV78,Archaea,
A0A8T5AP45,dark,A0A8T5AP45,Archaea,
A0A935E2H9,dark,A0A935E2H9,Bacteria,
A0A1Q7MPH8,dark,A0A1Q7MPH8,Unknown,
A0A1V5TWY6,dark,A0A1V5TWY6,Bacteria,
A0A3D5AQK0,dark,A0A3D5AQK0,Bacteria,
A0A550GSS6,dark,A0A550GSS6,Archaea,
A0A6B1FFX1,dark,A0A6B1FFX1,Archaea,
A0A2V6CF99,dark,A0A2V6CF99,Bacteria,
A0A534IKH2,dark,A0A534IKH2,Archaea,
A0A5E4LVG6,dark,A0A5E4LVG6,Archaea,
A0A1B6BCY8,dark,A0A1B6BCY8,Bacteria,
A0A1Q7D4L9,dark,A0A1Q7D4L9,Bacteria,
A0A2S7P8J3,dark,A0A2S7P8J3,Fungi,
A0A2V1BR27,dark,A0A2V1BR27,Fungi,
A0A4Q3UTC5,dark,A0A4Q3UTC5,Bacteria,
A0A533U7B7,dark,A0A533U7B7,Archaea,
A0A6A7LAR5,dark,A0A6A7LAR5,Archaea,
A0A7J2Y4J3,dark,A0A7J2Y4J3,Archaea,
A0A7M1TB34,dark,A0A7M1TB34,Bacteria,
A0A8T7GJ49,dark,A0A8T7GJ49,Archaea,
A0A955LDY0,dark,A0A955LDY0,Bacteria,
A0A956QCW0,dark,A0A956QCW0,Bacteria,
A0A972R8P6,dark,A0A972R8P6,Bacteria,
E2SM51,dark,E2SM51,Bacteria,
A0A093ZWX0,dark,A0A093ZWX0,Fungi,
A0A1Q7BAE9,dark,A0A1Q7BAE9,Archaea,
A0A534LUZ5,dark,A0A534LUZ5,Archaea,
A0A7X7VG90,dark,A0A7X7VG90,Bacteria,
A0A7X8MT01,dark,A0A7X8MT01,Bacteria,
A0A835SIX7,dark,A0A835SIX7,Archaea,
A0A835XJI8,dark,A0A835XJI8,Archaea,
A0AAJ2ADH1,dark,A0AAJ2ADH1,Bacteria,
A0A4V1XW68,dark,A0A4V1XW68,Fungi,
A0A537GEN9,dark,A0A537GEN9,Archaea,
A0A848WYT6,dark,A0A848WYT6,Bacteria,
A0A925UNE3,dark,A0A925UNE3,Bacteria,
A0A968NKQ3,dark,A0A968NKQ3,Bacteria,
A0A0N0B3U9,dark,A0A0N0B3U9,Bacteria,
A0A7M1PZB0,dark,A0A7M1PZB0,Bacteria,
A0A7X9JA85,dark,A0A7X9JA85,Bacteria,
A0A849Z9L2,dark,A0A849Z9L2,Bacteria,
A0A949DZY7,dark,A0A949DZY7,Bacteria,
A0A1Q7MFF6,dark,A0A1Q7MFF6,Archaea,
A0A2E4JTY2,dark,A0A2E4JTY2,Archaea,
A0A3C2DA41,dark,A0A3C2DA41,Bacteria,
A0A3D5NSC3,dark,A0A3D5NSC3,Bacteria,
A0A3N5KZV7,dark,A0A3N5KZV7,Bacteria,
A0A3N5S0M5,dark,A0A3N5S0M5,Bacteria,
A0A5E4I9B1,dark,A0A5E4I9B1,Archaea,
A0A819J962,dark,A0A819J962,Animals,
A0A850SL81,dark,A0A850SL81,Archaea,
A0A928ZSM8,dark,A0A928ZSM8,Bacteria,
A0A976X9Y4,dark,A0A976X9Y4,Bacteria,
A0A9P6S7A0,dark,A0A9P6S7A0,Fungi,
A0A1F9ZBH2,dark,A0A1F9ZBH2,Archaea,
A0A1F9ZDK8,dark,A0A1F9ZDK8,Archaea,
A0A1Q7PF01,dark,A0A1Q7PF01,Bacteria,
A0A2M8JTI2,dark,A0A2M8JTI2,Bacteria,
A0A356Z320,dark,A0A356Z320,Bacteria,
A0A522STR5,dark,A0A522STR5,Bacteria,
A0A7J3XKB6,dark,A0A7J3XKB6,Archaea,
A0A7W4EAP4,dark,A0A7W4EAP4,Bacteria,
A0A7Y1V6Q7,dark,A0A7Y1V6Q7,Bacteria,
A0A8J8BWA7,dark,A0A8J8BWA7,Archaea,
A0A932NYT8,dark,A0A932NYT8,Bacteria,
A0A958EA20,dark,A0A958EA20,Bacteria,
A0A1C6ANR9,dark,A0A1C6ANR9,Bacteria,
A0A1V5LKI6,dark,A0A1V5LKI6,Bacteria,
A0A7Y1VX50,dark,A0A7Y1VX50,Bacteria,
A0A843BHE9,dark,A0A843BHE9,Archaea,
A0A9E6F938,dark,A0A9E6F938,Bacteria,
A0A1M4N6Q5,dark,A0A1M4N6Q5,Bacteria,
A0A2G6RBG3,dark,A0A2G6RBG3,Bacteria,
A0A7C4JUD2,dark,A0A7C4JUD2,Bacteria,
A0A1D2WW63,dark,A0A1D2WW63,Archaea,
A0A2N2MWN8,dark,A0A2N2MWN8,Bacteria,
A0A3N9PIU6,dark,A0A3N9PIU6,Bacteria,
A0A4P5YQV8,dark,A0A4P5YQV8,Archaea,
A0A559PIF6,dark,A0A559PIF6,Bacteria,
A0A7J3BDX2,dark,A0A7J3BDX2,Archaea,
A0A819R3I3,dark,A0A819R3I3,Animals,
A0A8J8BX03,dark,A0A8J8BX03,Archaea,
A0A9W4UWX1,dark,A0A9W4UWX1,Archaea,
A0A3D0VQA5,dark,A0A3D0VQA5,Bacteria,
A0A533VI05,dark,A0A533VI05,Archaea,
A0A818BBL0,dark,A0A818BBL0,Animals,
A0A8J8KK02,dark,A0A8J8KK02,Bacteria,
A0A2S7PPE1,dark,A0A2S7PPE1,Fungi,
A0A3C2A6P8,dark,A0A3C2A6P8,Bacteria,
A0A522REQ7,dark,A0A522REQ7,Bacteria,
A0A7J5UXX0,dark,A0A7J5UXX0,Bacteria,
A0A9D9V8W1,dark,A0A9D9V8W1,Bacteria,
A0A534IZH1,dark,A0A534IZH1,Archaea,
A0A819LIG3,dark,A0A819LIG3,Animals,
A0A835X7M5,dark,A0A835X7M5,Archaea,
A0A1U8K8F7,dark,A0A1U8K8F7,Plants,
A0A7C5MI77,dark,A0A7C5MI77,Bacteria,
A0A975S9G4,dark,A0A975S9G4,Bacteria,
A0A2Z4W8H9,dark,A0A2Z4W8H9,Bacteria,
A0A7C6Y0D2,dark,A0A7C6Y0D2,Bacteria,
A0A974XDT1,dark,A0A974XDT1,Bacteria,
A0AAJ2TDP0,dark,A0AAJ2TDP0,Bacteria,
A0A1H8MBQ2,dark,A0A1H8MBQ2,Bacteria,
A0A2V8N7Z9,dark,A0A2V8N7Z9,Bacteria,
A0A3B9T7E3,dark,A0A3B9T7E3,Bacteria,
A0A6G2RRG9,dark,A0A6G2RRG9,Bacteria,
A0A924WK08,dark,A0A924WK08,Bacteria,
A0A938QXH5,dark,A0A938QXH5,Bacteria,
A0A328RF77,dark,A0A328RF77,Bacteria,
A0A3N5UWI8,dark,A0A3N5UWI8,Bacteria,
A0A522HA83,dark,A0A522HA83,Bacteria,
A0A7Y2G285,dark,A0A7Y2G285,Bacteria,
A0A951F388,dark,A0A951F388,Bacteria,
A0A1F3MAV2,dark,A0A1F3MAV2,Bacteria,
A0A2G6GBF8,dark,A0A2G6GBF8,Bacteria,
A0A534L1E5,dark,A0A534L1E5,Archaea,
A0A8T7JT52,dark,A0A8T7JT52,Bacteria,
A0AA96TN97,dark,A0AA96TN97,Bacteria,
A0A1B8ETF3,dark,A0A1B8ETF3,Fungi,
A0A2J6I8N4,dark,A0A2J6I8N4,Bacteria,
A0A532T2U8,dark,A0A532T2U8,Archaea,
A0A534MI49,dark,A0A534MI49,Archaea,
A0A7X8JFF5,dark,A0A7X8JFF5,Bacteria,
A0A8B8NZF9,dark,A0A8B8NZF9,Plants,
A0A946QSK5,dark,A0A946QSK5,Bacteria,
A0A0G0TQD0,dark,A0A0G0TQD0,Bacteria,
A0A1F7R6W9,dark,A0A1F7R6W9,Bacteria,
A0A2N2BN85,dark,A0A2N2BN85,Bacteria,
A0A7J4S7F3,dark,A0A7J4S7F3,Archaea,
A0A7K2MIX3,dark,A0A7K2MIX3,Bacteria,
A0A832TC90,dark,A0A832TC90,Archaea,
A0A9D6ZFR1,dark,A0A9D6ZFR1,Bacteria,
A0A2D5UJS3,dark,A0A2D5UJS3,Bacteria,
A0A3N5RJA9,dark,A0A3N5RJA9,Bacteria,
A0A534M8W2,dark,A0A534M8W2,Archaea,
A0A836UVJ4,dark,A0A836UVJ4,Archaea,
A0A8T3NCP5,dark,A0A8T3NCP5,Bacteria,
A0A925BVS9,dark,A0A925BVS9,Bacteria,
A0A954SEM1,dark,A0A954SEM1,Bacteria,
S3BGH6,dark,S3BGH6,Bacteria,
A0A2N2XK15,dark,A0A2N2XK15,Bacteria,
A0A537EJD0,dark,A0A537EJD0,Archaea,
A0A7X7UL22,dark,A0A7X7UL22,Bacteria,
A0A969XMW3,dark,A0A969XMW3,Bacteria,
A0A0B5I449,dark,A0A0B5I449,Unknown,
A0A318CV38,dark,A0A318CV38,Bacteria,
A0A523YJB8,dark,A0A523YJB8,Archaea,
A0A534IYU1,dark,A0A534IYU1,Archaea,
A0A835X289,dark,A0A835X289,Archaea,
A0A9P5UL05,dark,A0A9P5UL05,Fungi,
L1P1Y9,dark,L1P1Y9,Bacteria,
A0A2A5E6Y4,dark,A0A2A5E6Y4,Bacteria,
A0A2N2P0S7,dark,A0A2N2P0S7,Bacteria,
A0A362XLW9,dark,A0A362XLW9,Bacteria,
A0A4R3H127,dark,A0A4R3H127,Bacteria,
A0A7K2YD55,dark,A0A7K2YD55,Bacteria,
A0A8J6ZZQ7,dark,A0A8J6ZZQ7,Bacteria,
A0A8J7Y590,dark,A0A8J7Y590,Archaea,
A0A955V3R7,dark,A0A955V3R7,Bacteria,
A0A959RY73,dark,A0A959RY73,Bacteria,
A0A1G0GBF6,dark,A0A1G0GBF6,Bacteria,
A0A7K4IJP5,dark,A0A7K4IJP5,Archaea,
A0A821N0S2,dark,A0A821N0S2,Animals,
A0A969X7L7,dark,A0A969X7L7,Bacteria,
A0AAU4S5S7,dark,A0AAU4S5S7,Bacteria,
A0A1G3AME6,dark,A0A1G3AME6,Unknown,
A0A1L8PP56,dark,A0A1L8PP56,Bacteria,
A0A1Q3H2G0,dark,A0A1Q3H2G0,Bacteria,
A0A534KA55,dark,A0A534KA55,Archaea,
A0A7C4WRA2,dark,A0A7C4WRA2,Archaea,
A0A7Y2HKG6,dark,A0A7Y2HKG6,Bacteria,
A0A931KKL4,dark,A0A931KKL4,Bacteria,
A0A151F1W1,dark,A0A151F1W1,Archaea,
A0A2E0MFC0,dark,A0A2E0MFC0,Bacteria,
A0A2E4EFW8,dark,A0A2E4EFW8,Bacteria,
A0A355D7Y7,dark,A0A355D7Y7,Bacteria,
A0A358S6F6,dark,A0A358S6F6,Bacteria,
A0A6P6TAW4,dark,A0A6P6TAW4,Plants,
A0A959QGM9,dark,A0A959QGM9,Bacteria,
A0AAJ1UU37,dark,A0AAJ1UU37,Archaea,
A0A1F7R6L2,dark,A0A1F7R6L2,Bacteria,
A0A374HYM4,dark,A0A374HYM4,Bacteria,
A0A3M9ZHN5,dark,A0A3M9ZHN5,Archaea,
A0A5M8SQJ6,dark,A0A5M8SQJ6,Bacteria,
A0A7X1HL02,dark,A0A7X1HL02,Bacteria,
A0A7Y1YCA1,dark,A0A7Y1YCA1,Bacteria,
A0A8J6R3N3,dark,A0A8J6R3N3,Bacteria,
A0A8J7XS31,dark,A0A8J7XS31,Archaea,
A0A8J8BXY4,dark,A0A8J8BXY4,Archaea,
A0A8T7JU97,dark,A0A8T7JU97,Bacteria,
A0A942RTW0,dark,A0A942RTW0,Bacteria,
K2BT53,dark,K2BT53,Unknown,
A0A0G0MXU4,dark,A0A0G0MXU4,Bacteria,
A0A0T0M2L0,dark,A0A0T0M2L0,Bacteria,
A0A1I7GSV9,dark,A0A1I7GSV9,Bacteria,
A0A2V8RDL1,dark,A0A2V8RDL1,Bacteria,
A0A6G1YMD5,dark,A0A6G1YMD5,Archaea,
A0AA48LCX7,dark,A0AA48LCX7,Bacteria,
A0A350YZ16,dark,A0A350YZ16,Bacteria,
A0A440IVB6,dark,A0A440IVB6,Bacteria,
A0A661PDB7,dark,A0A661PDB7,Bacteria,
A0A7X5EED4,dark,A0A7X5EED4,Bacteria,
A0A945VCM9,dark,A0A945VCM9,Bacteria,
A0A954JLP7,dark,A0A954JLP7,Bacteria,
A0A959GUC4,dark,A0A959GUC4,Bacteria,
A0A964YJW6,dark,A0A964YJW6,Bacteria,
A0A1J5DPI2,dark,A0A1J5DPI2,Bacteria,
A0A1J5I442,dark,A0A1J5I442,Bacteria,
A0A4Q1ZYL4,dark,A0A4Q1ZYL4,Bacteria,
A0A533UAR2,dark,A0A533UAR2,Archaea,
A0A925IT35,dark,A0A925IT35,Bacteria,
A0A3M1LJT5,dark,A0A3M1LJT5,Archaea,
A0A7C9TYM6,dark,A0A7C9TYM6,Bacteria,
A0A7Y3A7N7,dark,A0A7Y3A7N7,Bacteria,
A0A7Y3FB38,dark,A0A7Y3FB38,Bacteria,
A0A822BDV8,dark,A0A822BDV8,Animals,
A0A959HPD1,dark,A0A959HPD1,Bacteria,
A0A2J6IIN5,dark,A0A2J6IIN5,Bacteria,
A0A2N2CL51,dark,A0A2N2CL51,Bacteria,
A0A2V8PUX6,dark,A0A2V8PUX6,Bacteria,
A0A3E0PZE2,dark,A0A3E0PZE2,Bacteria,
A0A4P5TC99,dark,A0A4P5TC99,Bacteria,
A0A524HVY6,dark,A0A524HVY6,Bacteria,
A0A7W0G5X8,dark,A0A7W0G5X8,Bacteria,
A0A818CZ14,dark,A0A818CZ14,Animals,
A0A819NSV9,dark,A0A819NSV9,Animals,
A0A8K0LW47,dark,A0A8K0LW47,Fungi,
A0A942S641,dark,A0A942S641,Bacteria,
A0A959Q4D7,dark,A0A959Q4D7,Bacteria,
A0A1F7WH91,dark,A0A1F7WH91,Archaea,
A0A2J6IB45,dark,A0A2J6IB45,Bacteria,
A0A3D4N910,dark,A0A3D4N910,Bacteria,
A0A7Y6WR12,dark,A0A7Y6WR12,Bacteria,
A0A949XT10,dark,A0A949XT10,Bacteria,
A0A972ZSN7,dark,A0A972ZSN7,Bacteria,
V9H8C0,dark,V9H8C0,Bacteria,
A0A1F9ZFB0,dark,A0A1F9ZFB0,Archaea,
A0A1H9S2S6,dark,A0A1H9S2S6,Bacteria,
A0A367PWW1,dark,A0A367PWW1,Bacteria,
A0A3D6CGS2,dark,A0A3D6CGS2,Bacteria,
A0A4R4RME5,dark,A0A4R4RME5,Bacteria,
A0A534JTD5,dark,A0A534JTD5,Archaea,
A0A534LQN8,dark,A0A534LQN8,Archaea,
A0A931BWY3,dark,A0A931BWY3,Bacteria,
A0A958XKH5,dark,A0A958XKH5,Bacteria,
A0A1B8C154,dark,A0A1B8C154,Fungi,
A0A3D3CUH9,dark,A0A3D3CUH9,Bacteria,
A0A7J2YC83,dark,A0A7J2YC83,Archaea,
A0A7V9LBC5,dark,A0A7V9LBC5,Bacteria,
A0A9P9S7F1,dark,A0A9P9S7F1,Fungi,
A0AA51R556,dark,A0AA51R556,Bacteria,
A0A1Q7NKG2,dark,A0A1Q7NKG2,Archaea,
A0A1Q7YTG4,dark,A0A1Q7YTG4,Archaea,
A0A7X6TXB9,dark,A0A7X6TXB9,Bacteria,
A0A8S9DVI3,dark,A0A8S9DVI3,Bacteria,
A0A2N2EZC9,dark,A0A2N2EZC9,Bacteria,
A0A553GR34,dark,A0A553GR34,Bacteria,
A0A8K0Y4Q5,dark,A0A8K0Y4Q5,Archaea,
A0A958VN12,dark,A0A958VN12,Bacteria,
A0A9E0AUL3,dark,A0A9E0AUL3,Bacteria,
A0AAU1BM03,dark,A0AAU1BM03,Bacteria,
A0AAV6C737,dark,A0AAV6C737,Bacteria,
A0A0T5ZFU2,dark,A0A0T5ZFU2,Archaea,
A0A151F9U9,dark,A0A151F9U9,Archaea,
A0A810NJB3,dark,A0A810NJB3,Bacteria,
A0A949XP54,dark,A0A949XP54,Bacteria,
U5F5T7,dark,U5F5T7,Bacteria,
A0A1M4M9K3,dark,A0A1M4M9K3,Bacteria,
A0A370LK89,dark,A0A370LK89,Archaea,
A0A3B9I7W2,dark,A0A3B9I7W2,Bacteria,
A0A4Q5U4B8,dark,A0A4Q5U4B8,Bacteria,
A0A6P6TKP1,dark,A0A6P6TKP1,Plants,
A0A7C4XEE9,dark,A0A7C4XEE9,Archaea,
A0A849E6P4,dark,A0A849E6P4,Bacteria,
A0A938AS23,dark,A0A938AS23,Bacteria,
A0AAU3FN81,dark,A0AAU3FN81,Bacteria,
A0A0G0T4X3,dark,A0A0G0T4X3,Bacteria,
A0A5B2YZ12,dark,A0A5B2YZ12,Archaea,
A0A8T4DYH9,dark,A0A8T4DYH9,Archaea,
A0A932LET1,dark,A0A932LET1,Bacteria,
A0A936Y4V4,dark,A0A936Y4V4,Bacteria,
A0A959B1V6,dark,A0A959B1V6,Bacteria,
A0A959M8E0,dark,A0A959M8E0,Bacteria,
A0A6L5E332,dark,A0A6L5E332,Bacteria,
A0A7Y5NYH3,dark,A0A7Y5NYH3,Bacteria,
A0A846NKI6,dark,A0A846NKI6,Archaea,
A0A936UWD6,dark,A0A936UWD6,Bacteria,
A0A949XRL7,dark,A0A949XRL7,Bacteria,
A0A0K8R002,dark,A0A0K8R002,Bacteria,
A0A7Y3BS44,dark,A0A7Y3BS44,Bacteria,
A0A7Y3H443,dark,A0A7Y3H443,Bacteria,
A0A835WYY6,dark,A0A835WYY6,Archaea,
A0A8J8BXU5,dark,A0A8J8BXU5,Archaea,
A0A951SCP9,dark,A0A951SCP9,Bacteria,
A0A3B9ZM74,dark,A0A3B9ZM74,Bacteria,
A0A3N5Y9J9,dark,A0A3N5Y9J9,Bacteria,
A0A497DAD9,dark,A0A497DAD9,Bacteria,
A0A4Q5QV35,dark,A0A4Q5QV35,Bacteria,
A0A7X7ZUI5,dark,A0A7X7ZUI5,Bacteria,
A0A7X8J093,dark,A0A7X8J093,Bacteria,
A0A822C085,dark,A0A822C085,Animals,
A0A958ZQR5,dark,A0A958ZQR5,Bacteria,
A0A1G0AEZ5,dark,A0A1G0AEZ5,Archaea,
A0A2A4N9P5,dark,A0A2A4N9P5,Bacteria,
A0A3C0RCR6,dark,A0A3C0RCR6,Bacteria,
A0A653G212,dark,A0A653G212,Bacteria,
A0A7C3R9P0,dark,A0A7C3R9P0,Archaea,
A0A9P9MTS7,dark,A0A9P9MTS7,Fungi,
A0A2V8RAG5,dark,A0A2V8RAG5,Bacteria,
A0A662BZ16,dark,A0A662BZ16,Bacteria,
A0A7W1NXB3,dark,A0A7W1NXB3,Bacteria,
A0A847G166,dark,A0A847G166,Bacteria,
A0A930UR48,dark,A0A930UR48,Bacteria,
A0A932G5R0,dark,A0A932G5R0,Bacteria,
A0A9D7TT80,dark,A0A9D7TT80,Bacteria,
A0A075GJ91,dark,A0A075GJ91,Archaea,
A0A265Q7S0,dark,A0A265Q7S0,Bacteria,
A0A2N2VT92,dark,A0A2N2VT92,Bacteria,
A0A384JQC9,dark,A0A384JQC9,Fungi,
A0A7C1IJG8,dark,A0A7C1IJG8,Bacteria,
A0A7C5LAW0,dark,A0A7C5LAW0,Archaea,
A0A847PSM8,dark,A0A847PSM8,Archaea,
A0A8J8BUX3,dark,A0A8J8BUX3,Archaea,
A0A935RS65,dark,A0A935RS65,Bacteria,
B3T924,dark,B3T924,Archaea,
E5A7E2,dark,E5A7E2,Fungi,
A0A060HJZ5,dark,A0A060HJZ5,Archaea,
A0A0C5BQ82,dark,A0A0C5BQ82,Archaea,
A0A0E3PBJ9,dark,A0A0E3PBJ9,Archaea,
A0A0E3SH12,dark,A0A0E3SH12,Archaea,
A0A0E3SJJ9,dark,A0A0E3SJJ9,Archaea,
A0A0G3CG10,dark,A0A0G3CG10,Archaea,
A0A2A2HPD2,dark,A0A2A2HPD2,Archaea,
A0A2H1EGH4,dark,A0A2H1EGH4,Archaea,
A0A3G1B411,dark,A0A3G1B411,Archaea,
A0A520KY90,dark,A0A520KY90,Archaea,
A0A654LYS7,dark,A0A654LYS7,Archaea,
A0A7K4P4R8,dark,A0A7K4P4R8,Archaea,
A0RY54,dark,A0RY54,Archaea,
E6N4G2,dark,E6N4G2,Archaea,
V4J0X8,dark,V4J0X8,Archaea,
A0A2G5HRD5,dark,A0A2G5HRD5,Fungi,
A0A2K5AT03,dark,A0A2K5AT03,Archaea,
A0A2R7Y1V9,dark,A0A2R7Y1V9,Archaea,
A0A484IBD7,dark,A0A484IBD7,Archaea,
A0A6G1LWV5,dark,A0A6G1LWV5,Fungi,
A0A7K4MXE0,dark,A0A7K4MXE0,Archaea,
F3KKW4,dark,F3KKW4,Archaea,
H1YX77,dark,H1YX77,Archaea,
I3D0E6,dark,I3D0E6,Archaea,
J3PEC2,dark,J3PEC2,Fungi,
K0IC41,dark,K0IC41,Archaea,
V6AU54,dark,V6AU54,Archaea,
A0A0J9W9X8,dark,A0A0J9W9X8,Fungi,
A0A370P9R1,dark,A0A370P9R1,Fungi,
A0A6A6VZ19,dark,A0A6A6VZ19,Fungi,
A0AAE0I198,dark,A0AAE0I198,Fungi,
A0AAN6V6L2,dark,A0AAN6V6L2,Fungi,
A0AAN7UHU2,dark,A0AAN7UHU2,Fungi,
B8MD00,dark,B8MD00,Fungi,
A0A0F7ZFG5,dark,A0A0F7ZFG5,Fungi,
A0A137NY97,dark,A0A137NY97,Fungi,
A0A177D3H5,dark,A0A177D3H5,Fungi,
A0A4Z1HPE7,dark,A0A4Z1HPE7,Fungi,
A0A5M3YXD3,dark,A0A5M3YXD3,Fungi,
A0A5M3Z5M1,dark,A0A5M3Z5M1,Fungi,
A0AAN6S9X9,dark,A0AAN6S9X9,Fungi,
A0A0F7ZGG8,dark,A0A0F7ZGG8,Fungi,
A0A2J6SXA7,dark,A0A2J6SXA7,Fungi,
A0A8G1RBF0,dark,A0A8G1RBF0,Fungi,
A0A8J5NGN9,dark,A0A8J5NGN9,Fungi,
A0A397TYN6,dark,A0A397TYN6,Fungi,
A0A9P7ZFL0,dark,A0A9P7ZFL0,Fungi,
E3RWS4,dark,E3RWS4,Fungi,
E3S8Z3,dark,E3S8Z3,Fungi,
A0A395HAY6,dark,A0A395HAY6,Fungi,
A0A397WA44,dark,A0A397WA44,Fungi,
A0AA40BZY6,dark,A0AA40BZY6,Fungi,
A0AAD4D271,dark,A0AAD4D271,Fungi,
A0A9P6JAU0,dark,A0A9P6JAU0,Fungi,
A0A9W9ICF8,dark,A0A9W9ICF8,Fungi,
A0A9W9LHY4,dark,A0A9W9LHY4,Fungi,
A0A5N6D605,dark,A0A5N6D605,Fungi,
A0A6A6V2U8,dark,A0A6A6V2U8,Fungi,
A0AAN6Y5H7,dark,A0AAN6Y5H7,Fungi,
A0AAN7BDB6,dark,A0AAN7BDB6,Fungi,
G3XWQ6,dark,G3XWQ6,Fungi,
Q0CJ55,dark,Q0CJ55,Fungi,
Q0CZT9,dark,Q0CZT9,Fungi,
W9Z3U4,dark,W9Z3U4,Fungi,
A0A074Y838,dark,A0A074Y838,Fungi,
A0A4T0VRS3,dark,A0A4T0VRS3,Fungi,
A0A8H6YUL7,dark,A0A8H6YUL7,Fungi,
A0A8H6YYI7,dark,A0A8H6YYI7,Fungi,
A0AAD6ZEU8,dark,A0AAD6ZEU8,Fungi,
A0AAD7AEK1,dark,A0AAD7AEK1,Fungi,
A0AAD7EH55,dark,A0AAD7EH55,Fungi,
W9HGE8,dark,W9HGE8,Fungi,
A0A1J7IJ21,dark,A0A1J7IJ21,Fungi,
A0A5N6T1W8,dark,A0A5N6T1W8,Fungi,
A0A8G0PW25,dark,A0A8G0PW25,Fungi,
A0AAD4CLB1,dark,A0AAD4CLB1,Fungi,
A0AAD4CWX3,dark,A0AAD4CWX3,Fungi,
A0A0F4GE55,dark,A0A0F4GE55,Fungi,
A0A9P3BRQ6,dark,A0A9P3BRQ6,Fungi,
A0AAD9Z2F4,dark,A0AAD9Z2F4,Fungi,
A0AAV9GAZ4,dark,A0AAV9GAZ4,Fungi,
A0AAV9GGH1,dark,A0AAV9GGH1,Fungi,
M7TBC3,dark,M7TBC3,Fungi,
A0A4Y8CX15,dark,A0A4Y8CX15,Fungi,
A0A9P9XTS2,dark,A0A9P9XTS2,Fungi,
A0AA38XE48,dark,A0AA38XE48,Fungi,
A0A1V6PBT9,dark,A0A1V6PBT9,Fungi,
A0A1Y2ET84,dark,A0A1Y2ET84,Fungi,
A0A9P9WA47,dark,A0A9P9WA47,Fungi,
A0A9P9WB49,dark,A0A9P9WB49,Fungi,
A0A9P9WHT8,dark,A0A9P9WHT8,Fungi,
A0A9Q0AIE4,dark,A0A9Q0AIE4,Fungi,
A0A1L9VTD9,dark,A0A1L9VTD9,Fungi,
A0A370TL61,dark,A0A370TL61,Fungi,
A0A384JQ51,dark,A0A384JQ51,Fungi,
A0A6A5S6V9,dark,A0A6A5S6V9,Fungi,
A0A9P5SNK6,dark,A0A9P5SNK6,Fungi,
A0A9P5VGI0,dark,A0A9P5VGI0,Fungi,
F9XLZ9,dark,F9XLZ9,Fungi,
A0A8H5DNH1,dark,A0A8H5DNH1,Fungi,
A0A8H5YKE8,dark,A0A8H5YKE8,Fungi,
A0A9W9S486,dark,A0A9W9S486,Fungi,
A0AA40EFU6,dark,A0AA40EFU6,Fungi,
A0AA40EJF4,dark,A0AA40EJF4,Fungi,
A0A9X0AUX0,dark,A0A9X0AUX0,Fungi,
A0A2S6C3T5,dark,A0A2S6C3T5,Fungi,
A0A3F3PY94,dark,A0A3F3PY94,Fungi,
A0A6A5UCJ1,dark,A0A6A5UCJ1,Fungi,
A0A6A6F8F9,dark,A0A6A6F8F9,Fungi,
A0A9Q9EML8,dark,A0A9Q9EML8,Fungi,
A0AAE1C723,dark,A0AAE1C723,Fungi,
A0AAE1C8G3,dark,A0AAE1C8G3,Fungi,
A0A6G1L843,dark,A0A6G1L843,Fungi,
A0A1B8GS38,dark,A0A1B8GS38,Fungi,
A0A8H5D1Z9,dark,A0A8H5D1Z9,Fungi,
A0A8H6LNZ7,dark,A0A8H6LNZ7,Fungi,
A0A9X0BC34,dark,A0A9X0BC34,Fungi,
A0A9X0BD86,dark,A0A9X0BD86,Fungi,
A0AAD6GQ70,dark,A0AAD6GQ70,Fungi,
A0A8H6RPV1,dark,A0A8H6RPV1,Fungi,
A0AAD7CWW9,dark,A0AAD7CWW9,Fungi,
A0AAD7DJC7,dark,A0AAD7DJC7,Fungi,
A0AAD7E0U8,dark,A0AAD7E0U8,Fungi,
S3D7Y6,dark,S3D7Y6,Fungi,
A0AA40A7I0,dark,A0AA40A7I0,Fungi,
A0AAJ0HKL4,dark,A0AAJ0HKL4,Fungi,
A0AAV9W0Y7,dark,A0AAV9W0Y7,Fungi,
B6QE04,dark,B6QE04,Fungi,
R0IDG4,dark,R0IDG4,Fungi,
A0A2C5Z2E7,dark,A0A2C5Z2E7,Fungi,
A0A8H3URY3,dark,A0A8H3URY3,Fungi,
A0A9W9FCS2,dark,A0A9W9FCS2,Fungi,
A0AA40DP84,dark,A0AA40DP84,Fungi,
A0AAE0NUQ2,dark,A0AAE0NUQ2,Fungi,
A0AAV9WAS7,dark,A0AAV9WAS7,Fungi,
N1QNR1,dark,N1QNR1,Fungi,
A0A194XD21,dark,A0A194XD21,Fungi,
A0A8H3SRK5,dark,A0A8H3SRK5,Fungi,
A0A2H3FSP9,dark,A0A2H3FSP9,Fungi,
A0A2V1D3A7,dark,A0A2V1D3A7,Fungi,
A0A2V1E5A8,dark,A0A2V1E5A8,Fungi,
A0A922ND47,dark,A0A922ND47,Fungi,
A0A9W8YIN3,dark,A0A9W8YIN3,Fungi,
A0A1R3RGK6,dark,A0A1R3RGK6,Fungi,
A0A2T2N309,dark,A0A2T2N309,Fungi,
A0A318YEX8,dark,A0A318YEX8,Fungi,
A0A318YY84,dark,A0A318YY84,Fungi,
A0A7R7ZXS0,dark,A0A7R7ZXS0,Fungi,
A0A8J2I6E8,dark,A0A8J2I6E8,Fungi,
A0A9W9INU2,dark,A0A9W9INU2,Fungi,
N1PCM6,dark,N1PCM6,Fungi,
A0A317WJU0,dark,A0A317WJU0,Fungi,
A0A4U0TN37,dark,A0A4U0TN37,Fungi,
A0A6A7AQS4,dark,A0A6A7AQS4,Fungi,
A0A6A7AQY6,dark,A0A6A7AQY6,Fungi,
A0A7H8R269,dark,A0A7H8R269,Fungi,
A0A9W9WHX4,dark,A0A9W9WHX4,Fungi,
A0AAW0A2Q2,dark,A0AAW0A2Q2,Fungi,
A0A317VCP2,dark,A0A317VCP2,Fungi,
A0A317WYD1,dark,A0A317WYD1,Fungi,
A0A9N9LDX7,dark,A0A9N9LDX7,Fungi,
A0A9P5HP58,dark,A0A9P5HP58,Fungi,
A0A9Q8P973,dark,A0A9Q8P973,Fungi,
A0A9Q8PJV8,dark,A0A9Q8PJV8,Fungi,
A0A0M9WKX4,dark,A0A0M9WKX4,Fungi,
A0A9N9KSZ4,dark,A0A9N9KSZ4,Fungi,
A0AA39YSI9,dark,A0AA39YSI9,Fungi,
A0A0A2JTN6,dark,A0A0A2JTN6,Fungi,
A0A6A6DX92,dark,A0A6A6DX92,Fungi,
A0AA37LVC8,dark,A0AA37LVC8,Fungi,
A0A197JKB3,dark,A0A197JKB3,Fungi,
A0A6A6DZV1,dark,A0A6A6DZV1,Fungi,
A0AA39TW75,dark,A0AA39TW75,Fungi,
A0A1L9RXI0,dark,A0A1L9RXI0,Fungi,
A0A1L9S1A3,dark,A0A1L9S1A3,Fungi,
A0A1V6RZU5,dark,A0A1V6RZU5,Fungi,
A0A395I0H0,dark,A0A395I0H0,Fungi,
A0A3M7MFL5,dark,A0A3M7MFL5,Fungi,
A0A5N6TY51,dark,A0A5N6TY51,Fungi,
A0A5N6U9K3,dark,A0A5N6U9K3,Fungi,
A0A9N9LXD5,dark,A0A9N9LXD5,Fungi,
A0A9Q8QK69,dark,A0A9Q8QK69,Fungi,
B2WQ91,dark,B2WQ91,Fungi,
A0A229X4H3,dark,A0A229X4H3,Fungi,
A0A420P5S4,dark,A0A420P5S4,Fungi,
A0A1F5LCU4,dark,A0A1F5LCU4,Fungi,
A0A2P5HR42,dark,A0A2P5HR42,Fungi,
A0A4U7AS88,dark,A0A4U7AS88,Fungi,
A0A4V6DW27,dark,A0A4V6DW27,Fungi,
A0A9P9DM28,dark,A0A9P9DM28,Fungi,
A0A9Q8Z963,dark,A0A9Q8Z963,Fungi,
A0A9W7T0T2,dark,A0A9W7T0T2,Fungi,
A0A9W9F2U8,dark,A0A9W9F2U8,Fungi,
A0A1Y2MAW7,dark,A0A1Y2MAW7,Fungi,
A0AA38W0J5,dark,A0AA38W0J5,Fungi,
S8BQM8,dark,S8BQM8,Fungi,
A0A0D2EX40,dark,A0A0D2EX40,Fungi,
A0A1L9MSP5,dark,A0A1L9MSP5,Fungi,
A0A1L9MUW0,dark,A0A1L9MUW0,Fungi,
A0A1L9NF15,dark,A0A1L9NF15,Fungi,
A0A364KP06,dark,A0A364KP06,Fungi,
A0A395NWC3,dark,A0A395NWC3,Fungi,
A0A6A6D2H1,dark,A0A6A6D2H1,Fungi,
A0A8J2N6H6,dark,A0A8J2N6H6,Fungi,
A0AAN8MK86,dark,A0AAN8MK86,Fungi,
C5FNJ1,dark,C5FNJ1,Fungi,
M2TYD8,dark,M2TYD8,Fungi,
M2U421,dark,M2U421,Fungi,
A0A0D1Z9P9,dark,A0A0D1Z9P9,Fungi,
A0AAE0IWX7,dark,A0AAE0IWX7,Fungi,
M7T7U2,dark,M7T7U2,Fungi,
M7TSX6,dark,M7TSX6,Fungi,
A0A0G2F937,dark,A0A0G2F937,Fungi,
A0A0G2FYU1,dark,A0A0G2FYU1,Fungi,
A0A0G2HTT8,dark,A0A0G2HTT8,Fungi,
A0A0G2I0Z4,dark,A0A0G2I0Z4,Fungi,
A0A4Z0Z784,dark,A0A4Z0Z784,Fungi,
A0A4Z0ZC59,dark,A0A4Z0ZC59,Fungi,
A0A7C8IMP0,dark,A0A7C8IMP0,Fungi,
A0AAD4KG93,dark,A0AAD4KG93,Fungi,
A0A135LUB0,dark,A0A135LUB0,Fungi,
A0A8H6XAF3,dark,A0A8H6XAF3,Fungi,
A0A8H6XMQ1,dark,A0A8H6XMQ1,Fungi,
A0A8H6Y0C5,dark,A0A8H6Y0C5,Fungi,
A0A8H6Y0L0,dark,A0A8H6Y0L0,Fungi,
A0AAD6E5M4,dark,A0AAD6E5M4,Fungi,
A0AAV9MWT3,dark,A0AAV9MWT3,Fungi,
A0AAV9N2X8,dark,A0AAV9N2X8,Fungi,
A0AAV9NWN9,dark,A0AAV9NWN9,Fungi,
Q0V0A0,dark,Q0V0A0,Fungi,
A0A2D3UP43,dark,A0A2D3UP43,Fungi,
A0A814XX28,dark,A0A814XX28,Animals,
A0AAE8N6U6,dark,A0AAE8N6U6,Fungi,
A0A7J6Q3Q9,dark,A0A7J6Q3Q9,Protists,
A0A814NHJ7,dark,A0A814NHJ7,Animals,
A0A8S2RYQ9,dark,A0A8S2RYQ9,Animals,
A0A814GTZ8,dark,A0A814GTZ8,Animals,
A0A814MQF4,dark,A0A814MQF4,Animals,
A0A814RZ67,dark,A0A814RZ67,Animals,
A0A814WG20,dark,A0A814WG20,Animals,
A0A815AY39,dark,A0A815AY39,Animals,
A0A820C6Y4,dark,A0A820C6Y4,Animals,
A0A815GG47,dark,A0A815GG47,Animals,
A0A814VJ14,dark,A0A814VJ14,Animals,
A0A226DI62,dark,A0A226DI62,Animals,
A0A0G4EYS2,dark,A0A0G4EYS2,Protists,
A0A8J2JCY2,dark,A0A8J2JCY2,Animals,
A0A8J2JNM3,dark,A0A8J2JNM3,Animals,
A0A8J2KB18,dark,A0A8J2KB18,Animals,
A0A8J2KHU9,dark,A0A8J2KHU9,Animals,
A0A8J2KSA0,dark,A0A8J2KSA0,Animals,
A0A8J2KSX0,dark,A0A8J2KSX0,Animals,
A0A8J2KTG1,dark,A0A8J2KTG1,Animals,
A0A8J2KUV5,dark,A0A8J2KUV5,Animals,
A0A8J2KYP7,dark,A0A8J2KYP7,Animals,
A0A8J2LF38,dark,A0A8J2LF38,Animals,
A0A8J2P3K2,dark,A0A8J2P3K2,Animals,
A0A8J2P8V8,dark,A0A8J2P8V8,Animals,
A0A813XYE2,dark,A0A813XYE2,Animals,
A0A814RZ73,dark,A0A814RZ73,Animals,
A0A815MC16,dark,A0A815MC16,Animals,
F0ZD71,dark,F0ZD71,Protists,
A0A8J4LK58,dark,A0A8J4LK58,Plants,
A0A218VZC7,dark,A0A218VZC7,Plants,
A0A3P6CZX7,dark,A0A3P6CZX7,Plants,
A0A1S3TE60,dark,A0A1S3TE60,Plants,
A0A2K3CQ58,dark,A0A2K3CQ58,Plants,
A0A4Y7IMZ6,dark,A0A4Y7IMZ6,Plants,
A0AA88QVQ5,dark,A0AA88QVQ5,Plants,
I1MYQ6,dark,I1MYQ6,Plants,
Q01J93,dark,Q01J93,Plants,
A0A6J0ZJ75,dark,A0A6J0ZJ75,Plants,
A0A6P4AA35,dark,A0A6P4AA35,Plants,
A0A6P4AXI3,dark,A0A6P4AXI3,Plants,
A0A7N0VLE9,dark,A0A7N0VLE9,Plants,
A0A8S0RED7,dark,A0A8S0RED7,Plants,
B4FH58,dark,B4FH58,Plants,
A0A059B7H8,dark,A0A059B7H8,Plants,
A0A453C3G6,dark,A0A453C3G6,Plants,
A0A6J1JA44,dark,A0A6J1JA44,Plants,
A0A833RF65,dark,A0A833RF65,Plants,
A0A8J5FAB0,dark,A0A8J5FAB0,Plants,
A0A8J5FHF1,dark,A0A8J5FHF1,Plants,
A0AAV1I816,dark,A0AAV1I816,Plants,
B6TZQ0,dark,B6TZQ0,Plants,
A0A2T7CVP2,dark,A0A2T7CVP2,Plants,
A0A6D2IPX7,dark,A0A6D2IPX7,Plants,
A0A9Q0GMC1,dark,A0A9Q0GMC1,Plants,
A0A9R1NXD4,dark,A0A9R1NXD4,Plants,
A0AAF1AVX0,dark,A0AAF1AVX0,Plants,
A0AAQ3KH34,dark,A0AAQ3KH34,Plants,
A0A2P6RQA3,dark,A0A2P6RQA3,Plants,
A0A5C7HTK5,dark,A0A5C7HTK5,Plants,
A0A9D4ZRB7,dark,A0A9D4ZRB7,Plants,
A0A835W3G2,dark,A0A835W3G2,Plants,
A0AAD5IKK0,dark,A0AAD5IKK0,Plants,
A0AAQ3U9W3,dark,A0AAQ3U9W3,Plants,
A0A067KBW5,dark,A0A067KBW5,Plants,
A0A1U8BA93,dark,A0A1U8BA93,Plants,
A0A3B6C7V5,dark,A0A3B6C7V5,Plants,
A0A921UC32,dark,A0A921UC32,Plants,
A0AAW1YLL9,dark,A0AAW1YLL9,Plants,
A0A0D3EGH7,dark,A0A0D3EGH7,Plants,
A0AAX6DJ69,dark,A0AAX6DJ69,Plants,
A0A8J5WT62,dark,A0A8J5WT62,Plants,
A0A087SRI6,dark,A0A087SRI6,Plants,
A0A1D1ZWE6,dark,A0A1D1ZWE6,Plants,
A0A6J1C599,dark,A0A6J1C599,Plants,
A0A022QUN2,dark,A0A022QUN2,Plants,
A0A150FV05,dark,A0A150FV05,Plants,
A0A804KZY9,dark,A0A804KZY9,Plants,
A0A835WMA9,dark,A0A835WMA9,Plants,
A0AAN7Q789,dark,A0AAN7Q789,Plants,
A0A1S4BPS2,dark,A0A1S4BPS2,Plants,
A0AAD8LH72,dark,A0AAD8LH72,Plants,
A0A6P5ECR0,dark,A0A6P5ECR0,Plants,
A0A6P5GSG1,dark,A0A6P5GSG1,Plants,
A0A835XW50,dark,A0A835XW50,Plants,
A0A3S3NCK6,dark,A0A3S3NCK6,Plants,
A0A6A6KVE3,dark,A0A6A6KVE3,Plants,
A0A803PE27,dark,A0A803PE27,Plants,
A0A8J5XTU4,dark,A0A8J5XTU4,Protists,
A0A7S1CP13,dark,A0A7S1CP13,Protists,
A0A8X7UD64,dark,A0A8X7UD64,Plants,
A0A9D4Z019,dark,A0A9D4Z019,Plants,
A0AAP0N1M1,dark,A0AAP0N1M1,Plants,
A0AAW1QNW5,dark,A0AAW1QNW5,Plants,
A0A1Q3BMD6,dark,A0A1Q3BMD6,Plants,
A0A6I9UXZ5,dark,A0A6I9UXZ5,Plants,
A0AAE0LFW0,dark,A0AAE0LFW0,Plants,
A0AAE0LGC9,dark,A0AAE0LGC9,Plants,
A0A2Z7CWA3,dark,A0A2Z7CWA3,Plants,
A0A9Q0HW57,dark,A0A9Q0HW57,Plants,
A0AAP0EQI6,dark,A0AAP0EQI6,Plants,
A0A2G2Y5C5,dark,A0A2G2Y5C5,Plants,
A0A2P5EZF5,dark,A0A2P5EZF5,Plants,
A0A2I4H8Z3,dark,A0A2I4H8Z3,Plants,
A0A388MAX7,dark,A0A388MAX7,Plants,
M5W5C9,dark,M5W5C9,Plants,
A0A8X8WPB2,dark,A0A8X8WPB2,Plants,
A0AAD8TKV9,dark,A0AAD8TKV9,Plants,
A0AAP0RUW2,dark,A0AAP0RUW2,Plants,
M8ALX3,dark,M8ALX3,Plants,
A0A1D1XHM1,dark,A0A1D1XHM1,Plants,
A0A7C9AK93,dark,A0A7C9AK93,Plants,
A0A450SFA8,dark,A0A450SFA8,Bacteria,
A0A6N2SJE6,dark,A0A6N2SJE6,Bacteria,
A0A743SPB3,dark,A0A743SPB3,Bacteria,
A0AAU7DNA2,dark,A0AAU7DNA2,Bacteria,
A0AAU8HS06,dark,A0AAU8HS06,Bacteria,
A8YBZ0,dark,A8YBZ0,Bacteria,
B0U0H2,dark,B0U0H2,Bacteria,
G3ESX7,dark,G3ESX7,Bacteria,
A0A2Z4Y032,dark,A0A2Z4Y032,Bacteria,
A0AAJ2ZF31,dark,A0AAJ2ZF31,Bacteria,
A0AAU8JIN3,dark,A0AAU8JIN3,Bacteria,
X5DIC3,dark,X5DIC3,Bacteria,
A0A099CWH0,dark,A0A099CWH0,Bacteria,
A0A3E3IX31,dark,A0A3E3IX31,Bacteria,
A0A7M4D2U4,dark,A0A7M4D2U4,Bacteria,
A0A9X2VFU4,dark,A0A9X2VFU4,Bacteria,
W9AQ76,dark,W9AQ76,Bacteria,
A0A0G0L667,dark,A0A0G0L667,Bacteria,
A0A4P9A3L2,dark,A0A4P9A3L2,Bacteria,
A0A7W7C8W6,dark,A0A7W7C8W6,Bacteria,
A0A7W7CES7,dark,A0A7W7CES7,Bacteria,
A0A7W7FT56,dark,A0A7W7FT56,Bacteria,
A0A7W7FTQ8,dark,A0A7W7FTQ8,Bacteria,
A0A9X3AL34,dark,A0A9X3AL34,Bacteria,
A0A0F2T6J0,dark,A0A0F2T6J0,Bacteria,
A0A1F5G6X2,dark,A0A1F5G6X2,Bacteria,
A0A3Q9FK52,dark,A0A3Q9FK52,Bacteria,
A0A7Y7E8H2,dark,A0A7Y7E8H2,Bacteria,
A0A975JVR2,dark,A0A975JVR2,Bacteria,
A0A975K135,dark,A0A975K135,Bacteria,
A0AA49GEB9,dark,A0AA49GEB9,Bacteria,
A0A2M7TSD8,dark,A0A2M7TSD8,Bacteria,
A0A2T0BAU4,dark,A0A2T0BAU4,Bacteria,
A0A386HQ99,dark,A0A386HQ99,Bacteria,
A0A1Y1CI58,dark,A0A1Y1CI58,Bacteria,
A0A2H0W7N1,dark,A0A2H0W7N1,Bacteria,
A0A2N9L3F3,dark,A0A2N9L3F3,Bacteria,
A0A2Z2NUP9,dark,A0A2Z2NUP9,Bacteria,
A0A316EVJ7,dark,A0A316EVJ7,Bacteria,
A0A5B9P8W3,dark,A0A5B9P8W3,Bacteria,
A0A937FFW6,dark,A0A937FFW6,Bacteria,
A9F9T5,dark,A9F9T5,Bacteria,
A9GGD0,dark,A9GGD0,Bacteria,
D9SUK4,dark,D9SUK4,Bacteria,
A0A0L6U2M0,dark,A0A0L6U2M0,Bacteria,
A0A2D0NAH2,dark,A0A2D0NAH2,Bacteria,
A0A4Z0FUB0,dark,A0A4Z0FUB0,Bacteria,
L1KQT8,dark,L1KQT8,Bacteria,
A0A0K1EM95,dark,A0A0K1EM95,Bacteria,
A0A174HC34,dark,A0A174HC34,Bacteria,
A0A2P5P4R7,dark,A0A2P5P4R7,Bacteria,
A0A6M0H9I7,dark,A0A6M0H9I7,Bacteria,
A0A7W9PG21,dark,A0A7W9PG21,Bacteria,
A0A8J3L3L5,dark,A0A8J3L3L5,Bacteria,
A0A9J6NXH4,dark,A0A9J6NXH4,Bacteria,
A0AA40VTU3,dark,A0AA40VTU3,Bacteria,
A1ZZ28,dark,A1ZZ28,Bacteria,
Q5NEN5,dark,Q5NEN5,Bacteria,
V6KA23,dark,V6KA23,Bacteria,
A0A1M5QYT9,dark,A0A1M5QYT9,Bacteria,
A0A841CJ28,dark,A0A841CJ28,Bacteria,
A0AAI8PRU9,dark,A0AAI8PRU9,Bacteria,
S9PKN9,dark,S9PKN9,Bacteria,
A0A1L9BGH8,dark,A0A1L9BGH8,Bacteria,
A0A5P8WIN9,dark,A0A5P8WIN9,Bacteria,
A0A949K0E9,dark,A0A949K0E9,Bacteria,
A0A975BBU3,dark,A0A975BBU3,Bacteria,
A0AAE3KKH6,dark,A0AAE3KKH6,Bacteria,
A0A562SZW9,dark,A0A562SZW9,Bacteria,
A0A5B9W5B9,dark,A0A5B9W5B9,Bacteria,
H2BU13,dark,H2BU13,Bacteria,
A0A1F7IFX6,dark,A0A1F7IFX6,Bacteria,
A0A8J7L0E5,dark,A0A8J7L0E5,Bacteria,
A0A434AWH4,dark,A0A434AWH4,Bacteria,
A0A4S3KFQ7,dark,A0A4S3KFQ7,Bacteria,
A0A073CFE2,dark,A0A073CFE2,Bacteria,
A0A1F7YPZ2,dark,A0A1F7YPZ2,Bacteria,
A0A255IDD0,dark,A0A255IDD0,Bacteria,
A0A2N3HZD0,dark,A0A2N3HZD0,Bacteria,
A0A399CYD9,dark,A0A399CYD9,Bacteria,
A0A6G9ZD13,dark,A0A6G9ZD13,Bacteria,
A0A7Y9PFL2,dark,A0A7Y9PFL2,Bacteria,
A0A8J6XS63,dark,A0A8J6XS63,Bacteria,
A0A918GRN6,dark,A0A918GRN6,Bacteria,
A0A953LBE7,dark,A0A953LBE7,Bacteria,
A0A1F5YUD2,dark,A0A1F5YUD2,Bacteria,
A0A291QRE4,dark,A0A291QRE4,Bacteria,
A0A0G1HL56,dark,A0A0G1HL56,Bacteria,
A0A517ZF24,dark,A0A517ZF24,Bacteria,
U2NAG0,dark,U2NAG0,Bacteria,
A0A0A2SRZ6,dark,A0A0A2SRZ6,Bacteria,
A0A1F7WVI2,dark,A0A1F7WVI2,Bacteria,
A0A1G9F1C6,dark,A0A1G9F1C6,Bacteria,
A0A1H7WIY8,dark,A0A1H7WIY8,Bacteria,
A0A1H7WJN1,dark,A0A1H7WJN1,Bacteria,
A0A7T7KTS5,dark,A0A7T7KTS5,Bacteria,
A9B7K7,dark,A9B7K7,Bacteria,
A0A1G2FN63,dark,A0A1G2FN63,Bacteria,
A0A1Q8CXS1,dark,A0A1Q8CXS1,Bacteria,
A0A419W5A6,dark,A0A419W5A6,Bacteria,
A0A7X1MCQ6,dark,A0A7X1MCQ6,Bacteria,
A0A840Q571,dark,A0A840Q571,Bacteria,
A0A1I7NGK0,dark,A0A1I7NGK0,Bacteria,
A0A4U1IQM3,dark,A0A4U1IQM3,Bacteria,
A0A5C6AYT2,dark,A0A5C6AYT2,Bacteria,
A0A917J202,dark,A0A917J202,Bacteria,
A0A9X3F2H0,dark,A0A9X3F2H0,Bacteria,
K4RAX2,dark,K4RAX2,Bacteria,
V7I827,dark,V7I827,Bacteria,
A0A0G0PZ33,dark,A0A0G0PZ33,Bacteria,
A0A1S1YV72,dark,A0A1S1YV72,Bacteria,
A0A5J4K583,dark,A0A5J4K583,Bacteria,
A0A6N6RGS7,dark,A0A6N6RGS7,Bacteria,
A0A6N7Q681,dark,A0A6N7Q681,Bacteria,
A0A919SR20,dark,A0A919SR20,Bacteria,
A0A1D8TTA1,dark,A0A1D8TTA1,Bacteria,
A0A1I7M278,dark,A0A1I7M278,Bacteria,
A0A449BL58,dark,A0A449BL58,Bacteria,
A0A4Q1JN77,dark,A0A4Q1JN77,Bacteria,
A0A7I8DJZ2,dark,A0A7I8DJZ2,Bacteria,
A0A1I0RY35,dark,A0A1I0RY35,Bacteria,
A0A1M6K7C6,dark,A0A1M6K7C6,Bacteria,
A0A1M6PLQ2,dark,A0A1M6PLQ2,Bacteria,
R9C645,dark,R9C645,Bacteria,
A0A1M7XWY2,dark,A0A1M7XWY2,Bacteria,
A0A2K8SKL8,dark,A0A2K8SKL8,Bacteria,
A0A512RJ56,dark,A0A512RJ56,Bacteria,
A0A5K7SEJ2,dark,A0A5K7SEJ2,Bacteria,
A0A6A7K4J1,dark,A0A6A7K4J1,Bacteria,
A9NHI0,dark,A9NHI0,Bacteria,
A0A0K8PW03,dark,A0A0K8PW03,Bacteria,
A0A161PCZ3,dark,A0A161PCZ3,Bacteria,
A0A250I8A8,dark,A0A250I8A8,Bacteria,
A0A415I5V1,dark,A0A415I5V1,Bacteria,
A0A6I6K500,dark,A0A6I6K500,Bacteria,
A0A061AFM7,dark,A0A061AFM7,Bacteria,
A0A097EP79,dark,A0A097EP79,Bacteria,
A0A9J7BSY3,dark,A0A9J7BSY3,Bacteria,
A0A0G0MEM1,dark,A0A0G0MEM1,Bacteria,
A0A193BV54,dark,A0A193BV54,Bacteria,
A0A1H8T7Q5,dark,A0A1H8T7Q5,Bacteria,
A0A5C6ZP13,dark,A0A5C6ZP13,Bacteria,
G8TA11,dark,G8TA11,Bacteria,
A0A1N5W510,dark,A0A1N5W510,Bacteria,
A0A8J8FHC4,dark,A0A8J8FHC4,Bacteria,
A0A931GYL4,dark,A0A931GYL4,Bacteria,
A0A9X4BJD0,dark,A0A9X4BJD0,Bacteria,
I4VYH5,dark,I4VYH5,Bacteria,
A0A0H3DHB6,dark,A0A0H3DHB6,Bacteria,
A0A1E7JMT8,dark,A0A1E7JMT8,Bacteria,
A0A1F6VNW7,dark,A0A1F6VNW7,Bacteria,
A0A1J0KS35,dark,A0A1J0KS35,Bacteria,
A0A1M6JAJ2,dark,A0A1M6JAJ2,Bacteria,
A0A1W1XBH0,dark,A0A1W1XBH0,Bacteria,
A0A2M6Z323,dark,A0A2M6Z323,Bacteria,
A0A4Q7VIN9,dark,A0A4Q7VIN9,Bacteria,
U7VBE1,dark,U7VBE1,Bacteria,
A0A2G9Z049,dark,A0A2G9Z049,Bacteria,
A0A4R7VFQ3,dark,A0A4R7VFQ3,Bacteria,
A0A4U3L267,dark,A0A4U3L267,Bacteria,
A0A5B7X7V1,dark,A0A5B7X7V1,Bacteria,
A0A939H8M3,dark,A0A939H8M3,Bacteria,
N9WMZ7,dark,N9WMZ7,Bacteria,
A0A0G1B358,dark,A0A0G1B358,Bacteria,
A0A1H7JSW9,dark,A0A1H7JSW9,Bacteria,
A0A1H7RZT7,dark,A0A1H7RZT7,Bacteria,
A0A5S9IM99,dark,A0A5S9IM99,Bacteria,
A0A5S9IQ85,dark,A0A5S9IQ85,Bacteria,
C4ZEM0,dark,C4ZEM0,Bacteria,
A0A081QBK9,dark,A0A081QBK9,Bacteria,
A0A150PSJ5,dark,A0A150PSJ5,Bacteria,
A0A150SSY0,dark,A0A150SSY0,Bacteria,
A0A2L0F576,dark,A0A2L0F576,Bacteria,
A0A941CNU5,dark,A0A941CNU5,Bacteria,
A0A9W6S0K0,dark,A0A9W6S0K0,Bacteria,
E1ID35,dark,E1ID35,Bacteria,
A0A1G6U366,dark,A0A1G6U366,Bacteria,
A0A345JSW1,dark,A0A345JSW1,Bacteria,
A0A5R8YPR3,dark,A0A5R8YPR3,Bacteria,
A0A6N9NKM4,dark,A0A6N9NKM4,Bacteria,
A0AAW9S5E9,dark,A0AAW9S5E9,Bacteria,
A0A017T4P0,dark,A0A017T4P0,Bacteria,
A0A017T584,dark,A0A017T584,Bacteria,
A0A017T707,dark,A0A017T707,Bacteria,
A0A1F6CPF9,dark,A0A1F6CPF9,Bacteria,
A0A9D2NEH7,dark,A0A9D2NEH7,Bacteria,
A0AAJ5WVI2,dark,A0AAJ5WVI2,Bacteria,
A0A1A9I0W5,dark,A0A1A9I0W5,Bacteria,
A0A1F4ZVF3,dark,A0A1F4ZVF3,Bacteria,
A0A1H0QEJ3,dark,A0A1H0QEJ3,Bacteria,
A0A1V9EVX9,dark,A0A1V9EVX9,Bacteria,
A0A3E2VI69,dark,A0A3E2VI69,Bacteria,
A0AAJ4TL78,dark,A0AAJ4TL78,Bacteria,
A0A3N4M9R3,dark,A0A3N4M9R3,Bacteria,
A0A6N7XY38,dark,A0A6N7XY38,Bacteria,
A0A9X3XDJ5,dark,A0A9X3XDJ5,Bacteria,
A0A0G1UC63,dark,A0A0G1UC63,Bacteria,
A0A1L4BQQ3,dark,A0A1L4BQQ3,Bacteria,
A0A5B0GM78,dark,A0A5B0GM78,Bacteria,
A0A5B8VCF3,dark,A0A5B8VCF3,Bacteria,
A0A5B8VEX1,dark,A0A5B8VEX1,Bacteria,
H6LF25,dark,H6LF25,Bacteria,
Q185E6,dark,Q185E6,Bacteria,
A0A0C1UKD5,dark,A0A0C1UKD5,Bacteria,
A0A0C2A690,dark,A0A0C2A690,Bacteria,
A0A1M5V3T4,dark,A0A1M5V3T4,Bacteria,
A0A2S9YEA9,dark,A0A2S9YEA9,Bacteria,
A0A2S9YKT6,dark,A0A2S9YKT6,Bacteria,
A0A7Y6MCJ7,dark,A0A7Y6MCJ7,Bacteria,
A0A8J3RR72,dark,A0A8J3RR72,Bacteria,
A6GKF9,dark,A6GKF9,Bacteria,
Q2J9I8,dark,Q2J9I8,Bacteria,
A0A7G9GKB4,dark,A0A7G9GKB4,Bacteria,
A0A8J3L562,dark,A0A8J3L562,Bacteria,
A0A401QV78,dark,A0A401QV78,Bacteria,
A0A850PX55,dark,A0A850PX55,Bacteria,
A0A923HZF7,dark,A0A923HZF7,Bacteria,
A0A955L6M0,dark,A0A955L6M0,Bacteria,
A0A955RKV0,dark,A0A955RKV0,Bacteria,
A0A1I1JAY4,dark,A0A1I1JAY4,Bacteria,
A0A6I0F856,dark,A0A6I0F856,Bacteria,
A0A6L3ZG46,dark,A0A6L3ZG46,Bacteria,
B5H2T1,dark,B5H2T1,Bacteria,
A0A1G5FTL3,dark,A0A1G5FTL3,Bacteria,
A0A1M5A2J8,dark,A0A1M5A2J8,Bacteria,
A0A1V4IR00,dark,A0A1V4IR00,Bacteria,
A0A4Y3QZ16,dark,A0A4Y3QZ16,Bacteria,
A0A5B8YLB8,dark,A0A5B8YLB8,Bacteria,
A0A0E9N6G9,dark,A0A0E9N6G9,Bacteria,
A0A173MFZ3,dark,A0A173MFZ3,Bacteria,
A0A2V3ZTC0,dark,A0A2V3ZTC0,Bacteria,
A0A366I6D9,dark,A0A366I6D9,Bacteria,
A0A495PW84,dark,A0A495PW84,Bacteria,
A0AA43XJG0,dark,A0AA43XJG0,Bacteria,
D3H588,dark,D3H588,Bacteria,
W0F343,dark,W0F343,Bacteria,
A0A1J5RY00,dark,A0A1J5RY00,Unknown,
A0A2K2FQ38,dark,A0A2K2FQ38,Bacteria,
A0A381YE87,dark,A0A381YE87,Unknown,
A0A381Z6X0,dark,A0A381Z6X0,Unknown,
A0A3B0TUD5,dark,A0A3B0TUD5,Unknown,
A0A2H4UTS0,dark,A0A2H4UTS0,Viruses,
A0A2P0VN22,dark,A0A2P0VN22,Viruses,
A0A481ZCB8,dark,A0A481ZCB8,Viruses,
A0A6G8MX44,dark,A0A6G8MX44,Viruses,
